id,institution,sex,age,year,cycle,field,income,genai_freq,use_writing,use_summarising,use_brainstorm,use_translation,use_coding,use_explaining,use_questions,use_homework,anx1,anx2,anx3,anx4,anx5,anxiety,se1,se2,se3,se4,se5,se6,se7,se8,selfeff,eng1,eng2,eng3,eng4,eng5,eng6,eng7,eng8,eng9,engage,who_i1,who_i2,who_i3,who_i4,who_i5,who5
R0001,UC,M,29,2,BSc,STEM,2,5,0,0,1,0,1,1,1,1,4,4,2,4,2,2.87,5,5,4,7,4,5,6,4,4.65,5,7,4,3,4,3,3,4,3,3.33,3,1,2,2,3,45
R0002,IPP,F,28,2,MSc,Arts,2,4,1,0,0,0,0,0,0,0,7,7,7,5,6,6.88,4,3,5,3,3,3,5,6,4.15,2,4,4,3,1,3,3,3,2,2.23,0,1,0,1,1,23
R0003,IPP,F,19,2,BSc,STEM,4,4,0,1,0,1,0,0,1,1,4,4,3,7,5,4.66,5,5,6,6,7,6,5,7,5.89,3,4,3,5,4,7,4,5,5,4.48,3,3,3,2,5,60
R0004,UC,M,18,2,BSc,SocSci,2,5,1,1,1,0,0,1,0,0,7,6,6,4,4,4.74,5,5,5,7,5,5,5,5,5.63,5,5,6,7,5,7,6,4,6,5.77,4,4,2,3,3,64
R0005,IPV,M,25,1,BSc,STEM,3,5,0,1,0,1,1,1,0,0,6,5,7,4,6,5.23,6,6,7,6,6,5,7,7,6.28,5,4,4,5,5,5,5,6,6,4.72,3,5,3,4,5,74
R0006,UC,M,18,1,BSc,STEM,2,4,1,1,1,1,0,0,0,0,3,2,3,1,3,1.76,7,4,7,6,6,4,5,5,5.16,5,3,4,5,3,3,4,3,3,3.91,3,5,3,2,3,72
R0007,UC,F,19,1,MSc,SocSci,2,5,1,1,1,1,0,0,0,1,5,6,4,3,4,3.73,3,2,4,3,1,3,1,3,2.25,3,3,1,3,3,4,2,4,2,2.7,0,1,3,3,3,39
R0008,UC,M,19,2,BSc,SocSci,2,4,0,1,0,1,1,0,0,0,4,5,4,3,5,4.57,5,5,7,6,5,5,7,5,6.19,6,7,4,4,6,6,6,6,5,5.22,4,2,4,4,4,66
R0009,UC,F,25,1,MSc,Health,4,4,1,1,0,1,1,0,0,0,7,7,7,7,7,7.0,6,5,3,5,4,4,4,7,4.4,3,2,1,2,3,1,3,2,1,2.0,4,2,2,3,2,47
R0010,IPV,F,19,4,MSc,STEM,3,3,1,0,0,0,0,1,0,0,5,5,4,7,5,4.91,5,7,7,5,7,6,7,7,6.78,4,2,5,2,4,1,2,4,5,3.49,5,5,4,3,3,68
R0011,IPC,F,25,2,MSc,STEM,3,4,1,0,1,0,1,1,0,0,6,5,6,4,2,4.86,4,3,5,4,4,4,3,3,3.64,4,3,3,2,4,1,2,1,2,2.78,1,3,2,2,2,39
R0012,UC,F,19,1,MSc,STEM,2,2,0,1,0,0,0,0,0,0,2,4,2,3,1,2.29,6,5,7,5,5,6,6,6,5.02,7,3,5,7,6,6,5,4,6,5.57,5,3,2,2,3,42
R0013,IPV,M,36,2,MSc,STEM,4,5,1,1,0,1,1,1,1,1,7,7,7,7,7,7.0,2,3,3,5,4,3,2,2,3.62,4,4,5,4,3,2,3,4,5,3.67,0,0,0,0,1,3
R0014,UC,F,25,4,BSc,STEM,4,3,0,1,0,0,0,0,0,0,4,4,5,5,4,4.93,7,5,6,6,7,5,7,6,6.41,7,6,7,7,6,6,6,6,6,6.5,4,4,5,3,2,75
R0015,IPP,M,26,2,BSc,SocSci,2,4,1,0,0,0,1,0,1,1,4,4,2,4,4,2.66,6,7,5,7,7,5,7,5,5.56,5,6,7,6,5,6,6,6,6,6.11,3,4,4,2,4,68
R0016,IPP,F,25,2,MSc,STEM,2,4,1,0,0,1,0,1,0,0,4,4,2,3,6,4.75,7,4,6,6,4,5,4,5,4.59,5,5,5,6,3,5,7,5,4,4.96,3,2,1,2,2,48
R0017,IPC,M,25,1,MSc,Health,4,3,0,1,0,1,0,0,0,0,7,5,7,7,6,5.42,5,6,5,3,5,6,4,6,4.61,6,5,5,4,6,4,6,5,4,4.76,2,0,1,2,1,20
R0018,IPC,F,25,1,BSc,Health,3,2,1,0,0,0,1,0,0,0,2,1,3,1,1,2.24,4,5,6,6,7,7,6,6,5.53,6,4,4,4,6,4,6,5,4,4.89,3,4,4,4,4,75
R0019,UC,M,19,5,BSc,STEM,4,5,1,1,1,1,0,0,0,0,5,7,6,6,6,6.1,5,4,4,6,6,4,6,4,4.85,4,4,3,5,4,4,4,2,4,4.03,1,1,3,2,1,46
R0020,UC,O,19,5,BSc,STEM,3,5,1,1,0,1,0,0,1,0,3,4,4,4,4,3.55,5,4,7,6,3,6,5,7,5.51,6,4,4,5,5,3,4,6,5,4.54,3,3,3,2,3,52
R0021,IPC,F,18,3,MSc,Health,4,3,0,0,0,1,0,0,0,0,6,6,7,4,6,5.72,4,2,4,4,3,2,5,2,3.81,3,5,5,4,4,4,3,6,6,3.93,2,3,2,4,3,51
R0022,UC,M,19,1,Other,Health,4,4,1,0,1,1,0,1,0,0,2,1,1,2,2,2.3,5,5,5,6,6,5,5,6,5.33,5,7,5,4,7,6,4,4,4,4.79,4,4,4,1,3,60
R0023,UC,M,25,4,BSc,SocSci,3,4,1,1,1,1,1,0,1,1,4,6,4,4,4,4.42,4,4,5,4,3,5,4,5,4.27,4,4,6,5,4,6,5,4,5,4.6,2,2,1,2,2,47
R0024,UC,F,19,1,MSc,STEM,4,5,1,1,1,1,0,1,0,1,2,3,3,3,4,2.88,3,4,4,4,3,4,4,3,3.76,7,6,4,5,7,6,4,6,7,5.82,3,2,4,3,4,56
R0025,IPP,F,19,1,BSc,STEM,3,5,1,1,1,1,0,1,1,0,5,4,5,3,6,3.95,5,3,5,6,7,5,4,5,5.17,2,2,3,3,3,3,5,2,3,3.38,2,2,2,1,2,31
R0026,IPP,F,19,4,BSc,STEM,4,5,1,1,0,0,1,1,1,1,6,7,7,7,6,7.0,4,5,3,5,2,4,4,4,3.86,4,5,3,4,3,5,4,3,3,3.64,3,2,1,4,5,67
R0027,UC,F,18,3,BSc,SocSci,3,3,0,1,0,1,0,0,1,0,3,5,6,5,3,4.44,7,6,7,7,7,5,7,6,6.35,7,6,5,7,4,5,5,6,6,5.65,4,3,4,3,4,76
R0028,IPC,M,19,2,BSc,Health,4,4,1,1,0,0,0,1,0,1,6,6,5,5,4,4.4,5,5,3,5,4,3,6,4,4.76,3,6,4,5,6,5,5,7,4,4.88,3,2,2,2,4,54
R0029,UC,F,25,3,MSc,Health,4,4,1,1,1,0,0,1,1,0,2,2,4,2,5,3.55,6,7,5,7,5,5,5,7,6.2,7,5,6,3,6,7,6,6,6,5.61,1,3,0,4,2,47
R0030,IPC,M,25,2,BSc,Arts,4,4,0,1,1,1,1,1,1,0,2,2,3,5,1,2.93,4,3,4,6,6,6,6,3,5.3,5,5,5,3,4,5,5,4,6,4.55,5,3,5,5,5,97
R0031,IPV,M,19,1,BSc,Health,4,1,0,0,0,0,0,0,0,0,5,4,5,6,4,4.9,5,5,2,6,6,7,6,5,4.34,4,5,4,4,6,3,4,5,5,5.09,2,3,1,4,4,53
R0032,IPC,F,25,1,BSc,Health,3,5,1,1,0,1,0,0,0,0,4,6,3,5,5,4.21,5,4,6,5,6,5,6,5,5.06,5,5,3,3,5,4,4,6,5,4.26,2,2,4,3,2,51
R0033,IPV,F,25,1,BSc,STEM,3,5,1,1,1,0,1,1,1,0,7,7,3,5,6,5.37,3,3,3,2,2,3,2,3,3.28,2,2,2,4,4,2,2,4,3,2.53,3,2,1,3,1,44
R0034,UC,M,25,2,BSc,Arts,4,4,0,1,0,1,0,1,0,0,3,4,6,5,3,3.48,6,5,7,6,6,5,6,7,6.03,6,4,4,5,3,6,4,5,3,4.66,3,3,2,1,2,41
R0035,UC,F,18,1,MSc,STEM,2,4,0,1,0,1,1,0,0,0,3,1,5,4,5,4.1,4,4,3,6,6,6,6,5,4.98,7,7,5,3,7,5,7,5,7,5.89,2,5,3,4,2,65
R0036,UC,F,19,1,BSc,Health,5,4,1,1,0,1,0,0,0,1,4,7,6,7,5,6.09,4,3,3,4,3,4,7,3,3.84,2,4,3,5,2,5,4,4,1,3.74,2,4,4,3,2,59
R0037,UC,M,25,3,BSc,STEM,3,4,1,1,1,1,1,0,1,0,5,3,2,4,1,4.1,4,6,5,6,6,6,4,6,5.23,4,6,4,6,5,2,3,3,5,4.41,5,3,4,5,3,80
R0038,IPC,F,19,3,MSc,STEM,3,3,1,0,0,0,0,0,0,0,2,1,2,1,4,1.89,6,7,3,4,5,5,5,4,5.28,4,5,7,6,6,6,5,6,6,5.61,4,5,1,4,4,67
R0039,IPP,F,19,2,BSc,STEM,3,4,0,1,1,0,0,1,0,1,7,6,5,2,2,4.13,4,4,5,6,6,5,5,6,5.01,1,2,2,1,2,2,2,1,1,1.47,3,3,2,2,2,49
R0040,UC,M,18,1,BSc,STEM,4,1,0,0,0,0,0,0,0,0,2,3,3,4,3,3.09,5,3,3,3,5,7,4,5,4.9,3,5,5,3,3,3,3,4,3,3.37,2,4,4,2,3,71
R0041,IPV,F,25,1,BSc,STEM,3,5,1,0,1,0,0,1,1,0,6,3,5,5,6,5.01,5,6,3,5,7,5,6,4,4.88,4,6,6,3,6,5,5,6,4,5.16,2,3,3,4,3,61
R0042,UC,F,18,1,MSc,STEM,2,4,0,1,0,1,0,1,0,0,4,5,6,6,5,5.19,2,3,3,1,4,3,3,3,2.25,1,2,1,2,1,3,2,1,4,1.54,2,3,2,2,3,32
R0043,UC,M,19,3,BSc,SocSci,3,4,0,1,1,0,0,0,0,0,7,4,3,4,5,4.6,7,6,4,7,5,5,7,6,5.77,7,7,7,6,5,6,7,7,6,6.69,2,3,3,2,3,45
R0044,UC,F,19,5,MSc,Arts,4,4,1,0,1,0,0,1,1,0,6,4,7,7,3,4.9,7,6,6,6,6,7,3,5,5.61,5,5,6,5,4,4,4,5,4,4.29,4,4,3,3,4,58
R0045,IPP,M,18,3,MSc,SocSci,3,4,1,1,1,0,0,0,0,0,4,5,4,3,1,3.89,5,5,5,6,5,5,5,7,5.14,3,5,5,5,5,5,5,5,5,4.6,3,2,3,4,1,51
R0046,UC,M,28,2,BSc,Health,2,4,1,1,0,1,0,1,0,0,6,5,7,7,7,6.67,2,3,2,3,3,1,3,3,2.68,1,2,1,2,1,3,1,1,2,1.24,1,4,5,3,2,59
R0047,IPC,M,19,2,BSc,Health,3,3,1,0,0,0,0,0,0,0,7,7,6,7,6,7.0,4,3,3,4,2,3,4,5,3.59,1,1,1,3,2,2,1,1,1,1.0,2,1,1,3,3,31
R0048,IPC,M,28,2,BSc,STEM,3,5,1,1,1,1,0,0,1,1,4,4,6,5,7,5.61,4,6,3,1,1,3,5,3,3.75,3,4,3,4,3,4,5,2,5,2.8,0,1,2,1,0,19
R0049,IPP,M,19,1,BSc,STEM,4,4,1,1,1,0,1,1,0,0,6,4,6,4,4,4.92,5,6,5,7,6,4,6,6,5.73,6,6,7,5,4,7,5,6,7,5.93,2,1,3,4,2,52
R0050,IPP,M,19,4,BSc,STEM,2,4,1,1,1,1,0,1,0,0,3,1,4,3,5,4.08,5,5,7,4,4,7,6,5,5.2,4,3,5,4,3,4,2,4,4,3.4,4,5,5,3,5,90
R0051,UC,F,28,1,BSc,Health,2,4,1,0,1,1,1,0,1,0,2,3,2,2,4,3.08,2,4,3,5,4,2,3,4,3.51,3,2,2,2,3,2,2,2,3,2.98,2,1,1,0,0,10
R0052,IPV,M,19,1,MSc,STEM,2,4,0,1,0,1,0,0,1,0,4,6,6,3,6,5.45,3,3,4,3,3,3,6,2,4.31,5,3,4,4,4,3,3,2,4,3.46,3,2,2,3,1,35
R0053,IPC,F,28,4,BSc,STEM,2,4,1,1,1,0,1,1,0,0,3,5,1,2,3,2.7,5,4,6,5,4,5,5,4,4.7,2,3,4,3,4,1,4,4,4,4.29,3,3,4,3,3,71
R0054,UC,M,18,5,BSc,Arts,5,5,1,1,1,1,0,0,0,0,5,5,6,3,5,5.63,7,4,5,6,5,6,6,6,5.4,7,5,5,5,3,6,5,4,6,4.96,3,4,2,3,2,44
R0055,IPC,M,19,1,Other,STEM,2,3,1,1,0,0,0,0,0,0,3,3,3,3,1,3.11,5,4,6,5,5,4,6,7,5.69,4,6,5,6,4,6,5,6,3,4.83,4,4,3,4,5,81
R0056,IPC,F,18,2,MSc,SocSci,3,5,1,1,1,0,1,0,1,0,3,5,1,2,4,3.62,5,6,4,5,3,4,5,5,4.58,4,7,5,6,6,4,6,5,6,4.99,5,3,4,5,2,71
R0057,UC,M,19,3,BSc,Arts,4,4,1,1,1,1,0,1,0,0,2,4,2,4,3,3.01,7,7,7,7,7,6,6,7,6.69,4,4,6,4,2,3,3,5,5,3.61,3,3,3,3,4,68
R0058,IPC,F,27,2,BSc,Health,2,4,1,0,0,0,1,0,0,0,4,5,5,4,2,4.78,3,4,4,2,4,6,4,4,4.04,7,4,4,5,4,6,5,4,3,3.83,4,2,2,2,3,44
R0059,IPP,F,18,4,BSc,STEM,3,5,1,0,0,0,0,1,0,0,1,2,1,2,3,1.65,4,4,6,4,6,6,4,7,4.91,4,7,5,3,4,3,5,2,5,4.96,3,4,4,3,3,64
R0060,UC,F,26,3,BSc,STEM,4,3,0,1,0,1,0,0,1,0,2,2,2,1,2,2.43,3,4,5,6,2,4,4,3,4.44,5,4,5,4,2,6,4,2,2,3.81,4,4,5,5,5,76
R0061,UC,M,25,4,MSc,SocSci,3,4,0,0,0,1,0,1,1,0,2,3,3,2,3,2.96,5,7,6,4,6,6,6,7,5.49,4,5,5,6,4,6,6,6,5,5.26,3,4,3,4,5,72
R0062,UC,F,30,1,BSc,STEM,3,3,1,1,0,0,0,1,0,0,6,4,5,6,5,4.65,4,4,2,2,3,2,3,3,3.27,4,4,3,3,2,5,6,4,5,4.19,3,3,3,4,3,58
R0063,UC,M,19,2,MSc,STEM,3,4,1,0,0,1,0,1,0,0,4,2,4,4,2,2.79,4,6,7,6,7,6,7,5,7.0,7,7,6,4,7,6,7,5,6,5.98,3,5,4,4,3,81
R0064,IPC,F,25,2,BSc,STEM,3,5,1,1,1,1,0,0,1,1,6,5,6,7,4,6.24,3,3,3,4,3,2,2,2,3.09,3,4,4,1,4,3,2,3,3,2.65,0,3,3,2,1,31
R0065,UC,F,28,4,BSc,STEM,4,5,1,1,1,0,0,0,0,1,6,5,5,5,6,5.34,5,3,7,4,5,4,3,4,5.18,5,5,4,3,5,3,4,5,6,4.75,2,3,1,2,2,39
R0066,UC,F,19,2,BSc,Arts,5,4,1,0,1,0,0,1,0,0,3,4,4,3,1,3.53,7,7,6,4,6,6,7,5,5.97,6,4,5,7,5,5,3,4,6,4.73,4,5,4,4,4,85
R0067,IPV,F,25,2,BSc,Arts,3,5,1,0,1,0,0,0,0,0,6,7,7,4,5,5.98,5,3,6,6,5,5,4,6,5.27,5,3,4,4,4,3,4,3,4,3.87,2,1,4,1,2,23
R0068,IPV,F,27,2,BSc,STEM,4,5,1,0,1,1,0,1,1,0,4,4,4,4,5,3.77,6,6,6,6,4,5,4,6,5.19,3,3,3,4,4,2,2,3,2,2.96,2,3,2,0,2,42
R0069,UC,M,27,1,BSc,SocSci,3,4,1,1,1,0,0,0,0,1,3,3,1,1,2,2.32,7,6,6,5,4,5,6,5,5.39,7,6,5,6,3,4,5,5,4,4.45,4,4,2,3,2,38
R0070,IPV,F,25,1,MSc,Health,3,5,1,0,1,0,1,0,0,0,4,2,4,4,4,4.23,7,3,7,7,5,7,7,5,5.99,3,4,5,5,7,6,7,3,7,5.38,3,2,3,2,2,46
R0071,IPV,M,18,3,BSc,STEM,2,3,1,1,0,0,1,0,0,0,2,3,4,3,3,2.92,4,4,6,4,4,3,7,3,3.78,4,4,2,5,4,4,2,2,5,3.64,3,1,3,1,2,47
R0072,IPV,F,19,1,BSc,Arts,3,5,1,1,1,0,0,0,0,1,5,5,7,7,6,6.6,4,3,5,4,4,4,4,5,3.95,4,4,3,4,4,5,4,3,6,4.25,2,2,1,3,2,32
R0073,UC,F,19,3,BSc,SocSci,3,4,1,0,1,1,1,0,1,0,5,3,6,1,4,3.03,7,5,7,7,6,6,7,7,7.0,6,6,7,6,7,7,5,6,6,5.75,3,2,1,2,5,61
R0074,UC,F,28,4,BSc,SocSci,3,3,0,0,0,0,0,0,0,1,5,6,5,4,3,2.71,5,5,6,4,6,6,6,7,5.54,5,6,7,6,5,6,6,7,7,5.9,2,3,2,4,5,67
R0075,IPV,M,25,2,BSc,STEM,2,4,1,1,1,0,0,0,1,0,3,6,4,4,4,4.83,2,2,1,1,1,2,1,1,1.28,1,3,3,1,1,3,1,3,4,2.45,1,3,2,2,3,31
R0076,UC,M,25,1,MSc,SocSci,4,4,0,0,1,0,1,0,0,0,4,5,2,2,2,2.23,5,5,7,7,5,7,7,6,5.72,5,7,5,4,6,6,5,5,6,5.58,4,4,4,4,4,78
R0077,UC,F,25,1,MSc,STEM,4,4,0,0,1,1,0,1,1,0,1,1,5,3,2,2.32,5,7,7,5,6,7,7,6,5.98,5,6,7,7,5,7,7,7,7,6.37,4,3,3,3,3,54
R0078,IPP,F,19,3,BSc,STEM,3,4,1,0,1,1,0,0,0,1,4,4,4,3,2,2.59,5,5,4,6,6,7,5,6,5.34,6,5,5,6,5,6,7,4,2,4.98,4,2,2,1,3,70
R0079,IPC,M,25,5,MSc,STEM,3,4,1,1,0,0,1,1,0,0,6,7,5,7,7,5.8,1,3,1,2,5,3,1,3,2.43,2,3,1,3,2,2,3,2,2,2.63,1,1,1,1,2,26
R0080,IPV,F,18,1,MSc,SocSci,3,3,0,0,1,0,0,1,0,0,4,4,7,4,5,3.86,2,4,2,6,5,5,3,5,4.2,7,6,6,7,7,6,7,6,4,6.12,3,3,2,3,2,75
R0081,UC,F,30,1,BSc,SocSci,3,4,1,0,1,1,1,0,1,0,3,5,4,4,3,2.87,5,6,6,3,6,5,7,7,5.93,3,6,4,5,4,5,4,5,5,4.12,5,3,3,3,5,66
R0082,IPV,F,19,3,MSc,STEM,3,4,1,0,1,0,0,1,1,1,4,6,4,5,2,4.82,6,3,4,5,5,4,5,7,5.07,6,4,5,4,2,2,4,5,5,3.57,3,2,3,1,3,45
R0083,UC,F,25,3,BSc,STEM,4,4,1,1,1,1,0,0,0,0,4,2,3,2,4,3.12,4,6,4,6,5,6,3,5,5.38,4,3,5,6,5,6,6,6,3,4.41,0,2,3,2,2,50
R0084,IPP,F,28,3,BSc,STEM,4,5,1,1,0,1,1,0,0,1,5,5,4,3,5,3.92,3,5,7,5,5,5,5,6,5.48,3,4,6,6,5,5,7,4,4,4.7,4,3,3,2,3,59
R0085,UC,F,25,2,BSc,STEM,3,4,0,0,0,0,0,1,1,0,2,5,3,3,2,3.24,4,5,3,4,3,4,4,6,4.83,4,6,1,3,1,4,5,2,2,3.26,2,4,3,3,4,58
R0086,IPP,F,27,3,BSc,SocSci,2,4,1,1,1,1,0,0,0,0,7,5,3,5,5,4.7,6,5,6,5,5,6,6,5,5.01,7,6,5,7,6,6,7,6,7,6.23,1,3,4,5,3,70
R0087,IPP,M,25,2,MSc,Health,3,5,1,1,1,1,0,0,1,1,7,7,6,7,7,6.57,3,2,1,3,2,3,2,3,2.7,3,6,4,5,5,4,5,6,6,3.84,1,1,1,1,1,28
R0088,UC,F,25,1,BSc,Health,4,5,1,1,1,1,0,1,1,1,2,4,3,3,3,2.56,4,5,5,5,7,5,6,4,5.07,1,3,1,1,3,3,4,1,1,1.76,2,4,3,3,1,57
R0089,UC,M,25,5,MSc,SocSci,3,4,0,1,1,1,0,1,0,1,4,6,5,5,7,5.68,4,3,5,3,3,4,4,4,4.9,3,3,4,2,3,5,4,3,3,2.85,5,4,4,3,4,74
R0090,IPC,F,19,1,BSc,SocSci,4,5,1,0,1,1,1,1,0,1,3,5,3,4,3,4.28,5,4,6,6,5,5,7,7,5.44,4,3,5,6,5,6,5,5,4,4.69,3,3,3,4,3,64
R0091,IPC,M,19,2,MSc,STEM,4,5,1,0,0,0,1,0,0,0,5,4,3,1,3,2.86,4,3,6,6,4,5,5,5,4.75,4,3,3,3,3,4,4,4,3,3.16,4,4,5,5,4,93
R0092,IPC,F,25,4,MSc,SocSci,5,2,0,0,0,0,0,0,0,0,5,6,5,5,7,5.9,5,3,3,5,4,5,4,4,4.53,1,2,1,1,3,1,3,1,2,1.49,3,3,2,4,4,75
R0093,UC,F,19,2,BSc,SocSci,2,5,1,1,0,0,1,0,0,0,4,5,4,5,4,4.02,4,5,6,5,5,6,5,6,5.15,4,3,5,5,4,5,4,5,5,4.72,2,1,1,1,1,21
R0094,UC,M,19,2,BSc,STEM,4,3,1,0,0,0,1,1,0,0,2,1,4,2,6,3.2,5,5,6,5,2,3,4,4,3.75,3,4,5,2,4,2,6,2,4,3.68,3,5,4,3,3,67
R0095,IPP,F,25,4,MSc,STEM,2,5,1,1,1,1,0,1,1,0,2,7,3,5,7,4.32,4,4,5,3,4,5,4,5,4.65,7,7,7,6,5,6,5,5,4,6.16,3,1,2,2,1,43
R0096,IPV,F,18,2,BSc,SocSci,4,4,0,0,1,1,0,0,1,0,3,4,4,4,4,3.85,6,6,5,4,5,4,4,4,5.16,4,5,5,4,4,4,5,5,4,4.42,3,4,3,4,3,71
R0097,UC,M,26,1,MSc,STEM,3,4,1,0,1,1,1,0,0,1,4,7,5,6,7,5.87,7,5,7,4,7,4,7,3,5.37,7,3,6,5,6,7,7,5,5,5.6,3,5,3,2,3,59
R0098,IPV,F,19,2,BSc,SocSci,3,5,0,1,1,0,0,1,0,1,7,7,5,7,5,6.29,3,3,3,3,4,3,5,3,4.08,1,3,4,4,1,2,3,2,2,2.65,4,3,3,2,2,51
R0099,IPV,F,19,2,BSc,STEM,4,3,0,1,0,1,1,0,0,0,2,5,6,6,5,6.07,7,5,6,7,5,4,7,4,5.44,4,4,5,4,4,4,2,4,2,3.83,2,4,2,3,2,61
R0100,UC,M,30,2,BSc,SocSci,3,5,1,1,0,0,0,0,1,0,4,5,3,3,5,3.91,5,5,4,7,7,5,5,7,5.74,1,3,2,4,3,4,2,2,4,3.02,4,4,4,5,4,78
R0101,IPP,F,19,4,BSc,STEM,2,3,0,0,1,0,0,0,0,1,5,7,3,4,6,4.45,7,6,4,6,5,4,5,6,5.75,5,5,6,5,6,6,6,5,6,5.63,4,1,2,1,4,61
R0102,IPV,F,18,1,BSc,Health,4,4,0,0,0,1,0,1,0,1,4,3,5,6,4,4.56,6,6,5,4,4,5,3,6,4.54,4,4,6,4,4,5,2,5,4,4.6,4,2,2,4,2,55
R0103,UC,M,19,1,BSc,SocSci,3,1,0,0,0,0,0,0,0,0,3,2,2,1,5,2.32,7,5,4,6,6,6,6,6,5.95,4,4,3,3,4,4,4,5,4,4.13,4,5,2,2,5,77
R0104,IPC,M,25,2,MSc,Arts,2,2,0,0,0,0,0,0,0,0,4,3,6,6,7,5.92,4,4,3,5,4,3,4,4,3.54,2,3,4,5,4,4,3,3,5,3.15,2,1,4,3,1,45
R0105,IPP,F,27,1,BSc,SocSci,3,5,0,1,1,1,1,0,0,1,5,4,5,5,3,4.24,5,4,5,5,4,5,3,4,4.19,6,7,6,6,6,4,7,5,6,5.51,2,2,4,3,3,47
R0106,IPC,F,18,3,MSc,STEM,3,4,1,1,0,0,0,0,0,0,5,3,6,5,3,4.67,5,5,3,4,4,3,3,4,4.04,5,4,3,6,5,4,6,5,4,4.05,1,3,0,3,1,46
R0107,UC,M,27,4,BSc,Health,2,4,1,1,0,1,0,0,0,1,3,3,3,1,4,2.59,5,6,5,4,4,5,6,5,5.84,5,5,6,5,5,6,6,7,6,6.36,4,3,5,4,4,76
R0108,IPV,F,18,4,BSc,SocSci,2,2,0,0,0,0,0,0,0,0,7,4,4,4,4,4.81,5,3,3,4,3,4,4,3,4.13,6,4,4,6,4,4,6,4,5,3.71,1,1,1,2,1,30
R0109,UC,F,26,1,BSc,STEM,2,5,1,1,1,1,0,1,0,0,4,4,4,6,1,3.26,6,6,5,5,6,5,7,7,5.81,5,7,5,6,6,5,5,6,6,5.44,3,4,2,5,3,57
R0110,UC,M,25,1,MSc,STEM,4,5,0,1,0,1,0,0,0,0,5,3,5,6,5,4.57,3,3,5,4,3,3,5,1,3.32,3,5,3,3,3,3,3,3,5,3.11,1,1,1,2,2,38
R0111,IPP,M,29,4,BSc,STEM,4,4,1,0,0,0,1,0,1,1,4,5,5,4,3,4.18,4,4,3,5,7,5,4,5,4.82,2,2,2,2,3,4,2,3,3,2.5,2,3,1,1,2,40
R0112,UC,M,18,2,BSc,Health,4,3,0,1,0,0,0,0,1,1,4,3,4,3,3,3.14,6,4,4,7,5,6,6,7,5.22,6,2,5,3,3,4,4,6,5,4.44,3,4,4,4,4,87
R0113,UC,F,18,3,BSc,Health,4,4,1,0,1,1,1,1,0,0,3,5,1,3,4,3.51,5,6,4,5,6,5,7,6,4.35,2,3,2,2,3,4,3,3,1,2.84,5,3,2,4,2,66
R0114,IPV,F,27,1,BSc,SocSci,3,2,0,1,0,0,0,0,0,1,3,4,2,4,1,2.5,5,4,4,5,5,4,3,7,4.79,4,4,4,6,4,3,4,4,3,4.13,3,3,2,2,2,47
R0115,IPP,F,25,4,BSc,STEM,3,2,0,0,0,0,0,0,1,0,3,2,4,3,4,3.73,7,7,7,6,7,5,7,7,6.75,7,5,6,5,6,6,7,4,5,5.1,2,3,4,3,4,73
R0116,IPP,F,29,4,BSc,SocSci,3,4,1,1,0,0,0,1,1,0,5,4,3,2,4,3.7,4,5,5,4,1,4,3,5,4.36,5,4,5,6,7,4,6,6,5,5.24,2,2,3,4,2,44
R0117,IPC,M,25,3,MSc,SocSci,2,4,0,0,0,0,1,0,0,1,3,3,2,2,1,3.35,6,6,7,5,6,7,7,5,6.87,7,7,7,5,7,7,7,7,7,6.8,0,2,1,4,4,58
R0118,IPV,F,25,2,BSc,Arts,3,4,1,0,1,1,0,0,0,0,6,5,5,4,7,5.09,3,4,4,2,2,4,2,4,3.69,6,7,6,7,6,6,6,7,5,5.87,3,5,3,3,2,70
R0119,UC,F,19,2,MSc,STEM,2,4,0,0,1,0,0,1,0,0,1,3,2,2,3,2.41,4,7,7,5,6,6,6,5,5.17,4,5,6,3,3,5,4,5,3,3.88,3,3,3,0,1,36
R0120,IPP,F,25,2,BSc,SocSci,4,3,0,1,1,0,0,1,0,0,4,5,2,3,5,3.07,6,5,4,6,5,5,6,6,5.49,5,3,4,5,3,5,5,4,4,4.74,3,3,3,4,2,66
R0121,UC,F,18,2,BSc,STEM,2,5,1,1,0,0,0,1,0,1,4,6,4,6,5,4.94,6,7,7,5,7,6,5,7,5.69,6,6,6,6,4,5,5,5,5,5.81,3,3,3,3,3,72
R0122,IPC,F,26,2,BSc,STEM,3,5,1,1,0,0,1,1,0,0,6,7,7,7,7,6.74,3,4,4,2,4,4,5,5,3.26,2,4,3,3,3,3,3,2,2,2.95,3,2,1,1,1,18
R0123,UC,M,19,2,BSc,SocSci,3,4,0,0,0,0,0,0,1,0,1,2,2,3,1,2.33,3,3,4,5,3,2,4,3,3.39,6,5,3,5,6,6,6,5,4,4.89,3,3,3,3,2,56
R0124,UC,F,28,3,BSc,STEM,4,3,1,0,0,1,0,0,0,1,5,1,4,4,5,4.42,7,5,6,6,4,7,5,5,5.09,5,4,5,5,4,5,5,4,5,4.26,2,2,1,2,1,38
R0125,IPP,F,25,2,BSc,STEM,3,4,0,1,1,1,0,0,0,0,3,2,4,2,4,2.12,7,6,7,7,6,6,7,7,5.93,6,5,7,5,4,5,6,5,5,5.92,3,5,4,5,4,86
R0126,UC,M,18,4,MSc,STEM,3,5,1,1,1,1,0,0,0,1,4,6,4,5,5,5.34,7,4,5,5,4,7,5,7,5.36,4,3,5,3,5,3,6,4,5,4.54,4,2,2,4,2,64
R0127,UC,M,18,3,MSc,Arts,3,1,0,0,0,0,0,0,0,0,2,3,2,1,2,2.08,6,7,5,7,6,7,6,6,6.93,4,6,4,6,4,5,5,5,6,5.38,2,3,3,3,4,60
R0128,UC,M,25,2,BSc,Arts,2,3,0,0,0,1,0,0,0,0,2,5,4,5,4,4.13,5,6,5,7,6,7,7,6,5.64,5,6,6,4,6,5,6,3,5,4.76,3,4,4,5,3,67
R0129,IPP,F,19,1,BSc,STEM,4,3,1,1,1,0,1,1,0,0,4,5,3,3,3,3.45,5,6,5,6,6,7,4,4,5.57,7,4,7,6,4,5,6,7,6,5.45,3,1,4,2,2,43
R0130,IPC,O,26,2,BSc,Health,4,1,0,0,0,0,0,0,0,0,3,2,3,2,1,2.62,5,4,4,5,5,6,6,4,4.7,5,5,3,4,6,3,3,5,4,4.56,4,3,3,3,3,69
R0131,IPV,F,25,2,MSc,Health,5,5,1,1,1,1,1,1,0,1,6,4,6,3,4,5.46,6,6,3,6,5,5,6,3,5.02,6,7,7,7,6,6,4,6,4,5.71,4,3,3,3,4,58
R0132,IPC,M,18,3,BSc,STEM,2,4,1,1,1,0,0,1,0,0,5,4,5,7,5,4.67,6,6,7,4,4,4,7,6,5.71,4,1,4,1,4,1,2,2,4,3.22,2,4,4,2,2,50
R0133,IPP,F,19,3,BSc,STEM,3,4,0,0,0,0,0,0,0,0,7,5,6,5,4,6.06,5,5,5,4,4,5,5,5,4.21,6,5,7,6,6,6,6,5,4,5.37,4,5,5,4,4,85
R0134,IPP,M,25,3,BSc,SocSci,3,5,1,0,0,1,1,0,0,0,4,5,6,3,5,5.12,4,5,5,6,5,4,6,7,5.49,4,3,3,5,6,5,4,4,4,4.95,3,2,3,3,4,64
R0135,IPC,F,19,2,BSc,Health,2,4,1,1,1,0,0,1,0,0,2,1,2,1,3,2.35,6,6,5,5,4,5,6,5,5.2,6,4,7,5,3,5,4,5,5,4.38,1,3,4,2,4,57
R0136,IPP,M,19,2,BSc,STEM,3,5,1,1,1,0,1,1,0,1,5,6,4,5,5,5.53,4,4,1,3,3,4,3,5,2.91,1,2,2,1,4,1,1,1,1,1.0,3,1,1,2,0,32
R0137,IPC,M,19,2,BSc,STEM,3,5,1,1,1,0,0,1,0,0,4,5,2,6,5,4.93,5,6,5,5,7,6,5,4,5.44,6,5,4,7,4,4,4,7,7,5.26,4,4,5,4,4,85
R0138,UC,F,19,2,MSc,SocSci,3,5,1,1,1,0,0,0,1,0,7,5,6,7,5,6.03,3,2,1,2,3,3,3,2,2.93,5,2,5,5,2,5,6,5,4,4.32,3,3,3,4,1,65
R0139,IPC,F,25,3,BSc,STEM,5,5,1,1,0,0,0,0,1,1,5,4,4,5,7,6.27,5,5,3,2,2,3,4,3,3.86,2,3,2,5,2,3,2,3,3,3.16,1,2,3,2,4,49
R0140,IPP,F,18,1,BSc,Arts,3,5,1,0,1,1,1,1,1,0,7,7,7,7,6,6.75,3,4,2,2,3,1,2,1,2.68,2,4,3,3,4,5,4,3,3,3.41,3,1,4,1,2,41
R0141,IPV,M,28,5,Other,SocSci,3,4,1,1,0,0,1,1,0,0,3,3,6,3,5,3.25,4,5,7,5,5,2,4,3,5.2,4,4,4,4,4,3,3,6,5,4.4,1,3,2,2,2,43
R0142,IPP,F,19,1,BSc,STEM,4,5,1,1,0,0,0,1,1,0,5,4,5,4,6,4.3,3,6,4,6,4,3,4,3,3.57,4,4,4,2,4,3,2,3,2,3.61,3,2,2,0,2,32
R0143,IPP,F,19,1,BSc,STEM,4,4,1,1,0,1,0,0,0,0,7,5,6,3,4,5.26,4,3,6,6,6,4,2,4,4.74,6,5,6,4,5,6,6,7,4,5.17,4,5,5,5,4,91
R0144,IPC,M,19,1,BSc,STEM,2,1,0,0,0,0,0,0,0,0,4,5,7,6,5,5.49,2,4,3,2,4,4,5,2,2.9,4,3,2,5,3,5,2,4,3,3.18,3,3,1,1,1,24
R0145,UC,F,19,2,BSc,STEM,5,5,1,1,0,1,0,0,0,0,5,6,5,5,6,5.48,4,5,3,4,6,4,2,4,4.37,4,6,3,6,4,4,5,6,5,4.57,3,3,3,3,3,67
R0146,UC,M,31,2,BSc,STEM,4,4,1,1,1,1,0,1,0,0,2,4,4,2,3,3.82,5,5,5,5,6,3,4,5,4.96,5,3,4,2,4,4,5,2,5,4.46,3,3,2,3,2,59
R0147,IPC,F,25,3,BSc,SocSci,2,4,0,0,1,0,1,1,0,0,7,7,5,5,4,5.98,4,4,5,6,5,2,5,3,4.26,5,4,2,3,4,5,5,4,5,3.83,2,2,5,2,3,50
R0148,IPC,M,18,1,BSc,STEM,4,3,1,1,0,0,0,0,0,0,2,4,1,2,1,2.09,6,7,7,7,6,6,7,6,6.65,5,6,6,7,4,7,5,7,6,5.5,4,5,5,5,5,98
R0149,IPP,F,27,2,BSc,STEM,4,4,0,0,1,0,0,0,1,1,4,5,3,5,5,4.19,5,3,2,2,4,2,4,1,2.93,3,6,3,3,4,4,4,4,6,4.03,3,2,4,3,0,41
R0150,UC,M,19,3,BSc,STEM,2,4,1,0,0,1,0,0,0,1,2,5,4,4,4,3.46,6,7,4,5,5,6,7,7,6.17,6,6,7,5,6,4,6,7,6,5.92,3,4,4,5,4,63
R0151,IPV,M,19,3,BSc,Health,2,4,0,0,0,0,1,0,0,0,6,5,6,6,6,5.99,5,3,3,5,3,5,4,5,4.77,7,7,3,7,5,4,3,2,4,4.87,3,2,2,3,4,52
R0152,UC,M,25,2,BSc,STEM,5,4,0,0,0,0,1,0,0,0,6,5,4,6,6,5.07,6,4,7,4,7,6,6,7,6.39,4,7,6,6,5,7,6,6,5,5.21,4,3,3,3,3,71
R0153,IPC,F,26,1,BSc,STEM,2,5,1,0,0,1,1,1,0,0,3,4,5,4,7,5.36,5,3,5,5,2,3,5,5,4.73,4,5,4,4,2,3,6,4,4,3.44,2,2,1,3,2,41
R0154,IPP,F,19,3,BSc,Health,4,4,0,1,1,0,0,0,1,1,4,4,5,5,4,5.05,4,4,4,2,4,3,5,4,3.5,6,6,7,6,5,4,5,5,4,5.4,3,2,2,4,3,58
R0155,IPV,M,19,1,BSc,SocSci,3,3,1,1,0,0,0,0,0,0,1,1,1,1,4,2.22,6,7,5,6,7,6,7,6,6.48,2,2,4,4,5,2,4,3,3,4.07,1,1,1,0,1,39
R0156,IPP,F,25,2,MSc,STEM,4,4,1,1,1,0,1,0,0,0,3,4,4,2,2,2.86,5,6,6,5,5,5,5,5,5.27,6,7,6,5,5,6,7,6,7,6.2,3,2,3,3,5,59
R0157,IPC,F,18,1,BSc,SocSci,3,3,0,1,0,0,1,0,0,1,2,3,3,2,3,3.93,5,4,2,3,3,5,4,3,3.6,3,3,3,3,2,4,5,2,2,2.91,2,4,3,3,1,55
R0158,UC,F,25,3,BSc,STEM,3,2,0,0,0,0,0,0,0,0,1,1,1,2,2,1.6,7,6,7,7,7,7,7,6,7.0,7,5,7,6,6,3,6,6,7,6.25,4,3,4,3,5,78
R0159,UC,M,18,2,BSc,STEM,3,4,1,1,0,0,1,1,1,1,1,2,2,3,4,1.86,5,4,4,4,5,6,4,5,4.81,4,6,5,6,5,5,7,5,5,5.24,3,2,2,0,2,36
R0160,IPV,F,30,2,BSc,STEM,3,5,1,1,0,0,1,0,0,1,4,6,4,4,4,4.94,6,6,5,5,6,4,6,4,5.2,4,3,3,3,4,5,3,2,2,3.15,2,3,2,1,3,50
R0161,IPC,F,27,1,BSc,STEM,4,4,0,0,0,0,1,1,0,0,2,4,4,3,2,2.05,7,6,6,6,7,6,4,7,5.34,5,3,2,3,5,3,3,4,3,3.13,1,2,2,2,0,34
R0162,UC,F,25,1,BSc,STEM,4,4,1,0,0,1,1,0,0,0,3,1,3,3,4,3.0,5,5,6,6,4,4,5,4,4.67,3,3,3,6,4,3,2,3,3,3.35,3,3,4,5,4,69
R0163,UC,M,27,1,BSc,SocSci,2,4,1,1,1,0,1,1,1,0,3,2,4,5,1,3.57,4,3,5,4,5,3,3,5,3.99,3,2,2,5,1,2,2,2,3,2.55,2,1,3,3,5,70
R0164,UC,F,25,5,BSc,STEM,5,5,1,1,0,0,0,1,0,1,6,5,7,6,7,6.17,7,3,4,6,5,3,3,4,4.57,5,5,4,4,6,5,3,5,2,5.05,2,3,4,5,2,73
R0165,UC,F,26,2,BSc,Health,2,4,1,0,1,1,0,0,1,0,7,6,5,4,5,4.59,7,7,6,7,6,7,7,5,6.69,6,7,7,5,6,6,7,7,7,6.66,5,2,4,4,2,63
R0166,UC,O,19,3,BSc,STEM,2,5,1,1,1,1,0,1,0,0,1,5,4,3,2,3.19,4,6,3,5,5,6,4,5,4.7,4,4,6,7,7,5,7,5,6,5.43,2,2,4,2,2,64
R0167,UC,M,34,3,BSc,Health,2,5,1,1,1,1,1,1,0,0,7,5,5,3,4,4.47,5,2,3,4,5,3,5,4,4.47,2,4,4,5,4,4,2,4,3,3.89,1,2,3,3,4,50
R0168,UC,F,26,4,BSc,STEM,4,5,1,1,1,1,1,1,1,0,5,5,3,7,6,4.23,7,7,7,6,7,7,6,5,5.88,6,5,5,5,4,7,4,5,3,4.58,5,4,3,4,4,82
R0169,UC,M,26,4,BSc,SocSci,3,4,1,1,0,0,1,0,0,0,4,3,2,3,3,3.82,4,6,7,5,5,7,5,7,5.42,6,5,4,4,6,5,5,3,3,4.13,3,5,5,4,2,76
R0170,UC,F,25,3,BSc,SocSci,4,5,1,1,1,1,1,0,1,0,3,4,4,4,3,2.53,5,7,4,3,3,5,3,5,4.51,6,5,5,7,5,7,5,6,6,5.91,1,3,3,5,5,65
R0171,IPV,F,28,1,BSc,STEM,2,4,0,1,1,0,0,0,0,0,7,6,7,7,7,6.96,2,3,2,4,2,4,5,3,3.3,4,3,4,2,4,2,6,3,4,3.05,3,2,1,2,1,32
R0172,IPC,M,19,1,BSc,STEM,3,2,1,0,0,0,0,0,0,0,1,2,1,1,1,1.23,7,6,7,7,7,7,7,6,6.67,3,5,4,3,4,2,3,5,5,3.53,4,4,2,3,4,64
R0173,UC,M,25,1,BSc,Health,4,5,1,1,1,1,1,0,1,1,4,6,4,3,6,5.16,5,5,3,6,2,6,2,4,4.81,5,4,5,4,4,4,6,5,6,4.73,3,2,3,3,2,65
R0174,UC,M,18,2,BSc,Health,4,4,1,1,1,1,1,1,0,0,4,7,5,3,5,3.99,4,6,6,6,6,6,5,5,4.98,5,7,7,6,6,5,7,7,6,6.09,4,3,4,5,4,80
R0175,IPP,F,19,1,BSc,Health,3,4,0,1,0,0,0,0,1,1,6,6,6,5,7,5.29,5,4,5,6,3,5,6,7,5.14,4,4,6,6,4,4,5,5,4,5.47,2,1,1,2,2,35
R0176,IPV,F,19,3,MSc,SocSci,2,5,1,1,1,1,0,1,0,0,7,7,6,6,5,5.82,3,5,6,5,5,5,4,6,4.81,3,5,3,5,5,5,5,5,4,3.72,1,0,1,0,3,32
R0177,UC,M,26,1,MSc,STEM,2,5,1,1,1,1,0,1,0,0,5,4,5,4,4,4.06,5,6,6,4,4,3,4,3,4.34,6,4,4,5,6,4,5,5,7,4.42,0,2,2,1,1,19
R0178,UC,F,18,1,BSc,Health,2,5,1,1,1,0,1,1,1,1,5,7,6,6,5,5.56,3,4,4,2,5,4,4,6,4.39,6,4,5,3,7,5,5,6,5,5.29,2,1,3,2,1,36
R0179,UC,F,19,4,BSc,SocSci,2,4,0,0,0,1,1,1,0,1,4,4,5,4,5,3.78,5,3,4,2,3,4,5,6,4.08,7,4,7,6,5,6,5,4,6,5.49,4,4,5,4,5,91
R0180,IPV,F,18,3,MSc,STEM,3,4,1,0,0,1,1,0,0,0,4,6,2,4,2,3.6,5,4,4,3,4,4,4,2,3.83,4,4,5,6,3,4,5,5,4,4.29,2,1,5,5,2,70
R0181,IPC,F,25,2,BSc,STEM,2,4,0,0,0,1,0,0,1,1,4,2,2,3,4,3.4,4,4,6,4,4,6,4,7,5.31,4,7,3,4,3,2,5,4,4,4.16,3,2,2,2,1,38
R0182,IPC,M,19,5,MSc,SocSci,4,5,1,1,1,1,1,0,0,0,7,7,7,6,6,6.18,4,5,5,6,5,5,4,4,3.84,5,4,3,3,2,3,4,4,4,3.95,2,2,2,2,1,40
R0183,IPC,M,25,1,Other,STEM,3,2,0,0,0,0,0,0,0,0,3,5,5,5,3,4.12,4,5,4,5,3,7,4,2,4.18,4,3,3,3,3,3,3,3,3,3.23,4,3,4,1,3,77
R0184,IPV,M,18,1,BSc,Arts,4,5,1,0,0,1,1,0,1,0,5,4,7,6,6,6.19,5,4,7,6,7,7,5,7,5.88,3,3,2,5,3,3,2,3,3,3.93,3,5,4,3,5,69
R0185,IPP,F,27,1,BSc,SocSci,4,4,1,0,1,1,0,0,0,0,5,7,7,7,5,5.98,2,5,5,3,2,3,2,1,2.84,4,4,2,3,3,4,4,4,3,3.27,3,3,3,3,3,63
R0186,IPV,M,27,3,MSc,Health,2,4,1,0,1,0,0,0,0,0,1,2,1,3,2,1.57,5,7,5,7,6,6,5,5,5.81,4,3,6,4,6,6,5,7,6,4.89,4,4,3,2,4,87
R0187,UC,M,18,1,BSc,SocSci,2,5,1,1,0,0,0,1,0,0,7,6,7,7,7,6.67,3,1,2,4,3,2,3,3,2.4,3,3,2,4,3,4,2,5,1,3.2,0,1,0,0,2,11
R0188,IPC,M,25,4,MSc,Health,4,4,0,1,0,0,1,1,0,0,5,2,3,1,5,2.52,5,5,4,6,4,4,5,7,4.58,4,6,5,4,4,6,5,3,4,4.62,4,5,3,4,4,59
R0189,UC,F,29,3,MSc,STEM,3,1,0,0,0,0,0,0,0,0,2,5,3,2,3,2.07,7,6,7,6,5,5,6,7,5.94,3,5,6,5,7,5,6,5,4,4.95,1,2,3,4,2,62
R0190,UC,M,26,2,BSc,STEM,2,5,1,1,0,1,1,1,1,1,6,7,6,6,4,5.28,5,5,5,6,6,6,6,5,5.11,7,5,6,5,4,6,5,6,7,5.47,1,2,0,2,2,43
R0191,UC,M,20,4,MSc,STEM,3,4,0,1,1,0,0,0,0,0,4,4,4,6,5,4.41,6,6,4,5,4,3,4,4,4.28,5,6,5,4,5,5,6,4,5,4.61,4,5,4,4,3,81
R0192,IPC,F,19,2,MSc,STEM,4,4,1,0,0,1,1,0,1,0,4,6,4,5,4,3.87,7,6,7,5,6,6,7,6,6.14,6,6,4,7,4,6,4,6,6,5.5,3,3,2,4,4,57
R0193,IPV,F,19,2,BSc,STEM,3,4,0,1,1,1,0,0,0,0,2,3,3,3,2,2.78,7,7,7,6,7,7,7,7,7.0,7,7,7,7,5,7,7,7,7,7.0,3,5,4,5,5,96
R0194,IPP,M,19,2,BSc,SocSci,3,5,1,0,0,0,1,0,0,0,5,3,5,5,6,5.25,4,6,5,7,3,6,6,6,5.06,5,4,6,6,4,5,5,4,6,5.0,3,3,3,1,3,65
R0195,IPV,F,25,4,BSc,SocSci,2,4,0,1,0,0,0,1,0,0,3,1,2,4,1,2.09,6,7,7,7,5,7,5,7,6.11,5,6,7,5,5,7,6,6,7,6.14,5,4,4,4,5,84
R0196,IPC,M,18,3,BSc,SocSci,4,4,0,1,0,1,1,0,0,1,6,7,5,7,7,6.37,1,5,5,5,4,3,3,4,3.3,4,5,4,3,4,3,5,5,4,4.08,2,2,1,2,3,44
R0197,IPP,F,19,3,MSc,STEM,3,2,0,0,1,0,1,1,0,0,3,4,1,6,2,2.53,4,4,5,6,4,6,6,6,5.11,3,4,4,4,5,3,1,4,4,3.99,4,4,4,4,4,65
R0198,IPP,F,20,2,BSc,SocSci,3,4,1,0,1,0,0,1,1,0,7,5,7,6,5,5.06,5,7,7,5,5,5,7,5,5.89,4,3,4,3,3,4,3,4,5,3.27,4,4,2,4,4,65
R0199,UC,F,29,2,BSc,Health,3,4,1,0,1,0,0,0,0,0,3,5,5,5,4,3.94,2,4,6,4,3,2,3,1,4.07,5,4,4,6,5,6,4,6,6,5.35,3,4,3,3,4,68
R0200,IPP,F,26,1,BSc,STEM,2,4,0,1,1,0,0,0,0,1,6,4,6,5,3,4.34,6,5,5,7,6,6,6,7,5.88,5,3,4,5,5,5,4,5,4,4.86,3,2,1,3,5,67
R0201,IPC,M,28,3,MSc,SocSci,5,2,1,0,0,0,0,0,0,0,3,4,3,3,4,3.63,7,7,7,7,6,7,7,7,6.95,7,6,3,7,7,4,7,5,4,6.14,4,4,3,4,5,78
R0202,UC,M,31,2,BSc,STEM,2,2,0,1,0,0,0,0,0,0,2,4,5,4,5,3.73,6,7,5,6,4,6,6,5,6.34,7,5,4,4,6,5,6,6,4,4.99,4,4,4,5,3,77
R0203,IPP,F,25,2,BSc,STEM,3,4,1,0,1,0,0,0,1,0,2,4,7,3,4,3.9,4,3,5,3,5,4,2,2,3.04,2,6,6,4,6,3,4,4,4,3.81,2,2,3,4,2,60
R0204,IPV,F,20,4,MSc,STEM,4,5,1,1,0,0,0,1,0,0,2,1,1,1,1,2.01,7,4,6,7,5,6,4,5,5.25,3,1,3,4,1,2,2,5,3,2.8,2,4,2,1,2,57
R0205,IPC,M,25,2,BSc,Health,4,2,0,0,0,0,0,1,0,0,2,3,4,1,4,3.39,7,7,5,5,7,7,7,6,6.65,4,5,4,6,4,6,7,6,5,5.13,4,4,1,3,3,56
R0206,IPC,F,29,2,MSc,STEM,3,5,1,1,0,0,0,1,0,1,6,7,7,7,5,6.29,5,4,5,5,6,3,4,5,4.71,6,6,4,5,3,5,4,3,5,4.24,3,2,4,2,4,48
R0207,IPP,M,20,2,BSc,SocSci,3,1,0,0,0,1,0,0,0,0,3,4,2,3,2,3.47,7,2,4,6,5,5,6,5,4.51,5,4,4,4,5,7,4,6,6,4.25,5,4,5,5,4,75
R0208,IPP,M,18,1,BSc,SocSci,3,4,1,1,0,1,1,0,0,0,4,5,5,3,3,3.18,7,5,6,5,6,7,6,5,6.1,4,5,5,5,7,7,6,4,5,5.7,2,4,5,2,5,63
R0209,UC,M,28,4,BSc,Health,2,4,1,1,1,1,0,1,1,0,1,2,1,2,1,2.2,5,4,6,6,4,5,3,3,4.71,6,6,7,6,6,4,7,5,5,6.11,5,5,5,4,4,83
R0210,UC,F,29,1,BSc,STEM,3,5,1,1,1,1,0,0,0,0,4,3,6,5,5,5.11,5,4,3,6,3,6,4,4,4.42,3,7,6,7,5,6,6,7,5,5.9,3,2,1,1,2,40
R0211,IPP,F,25,1,BSc,STEM,3,5,1,1,1,0,0,1,1,0,4,4,5,6,6,4.89,3,4,3,2,3,1,3,4,3.03,5,1,3,5,4,3,3,2,3,2.94,3,3,2,3,1,29
R0212,IPV,M,19,1,BSc,Health,3,5,1,1,1,1,0,1,0,0,6,4,5,5,5,4.51,5,7,4,4,5,6,3,6,4.61,3,4,5,3,3,4,4,2,4,3.19,1,0,2,0,1,33
R0213,IPC,F,25,2,BSc,STEM,3,4,0,0,1,0,1,0,1,0,2,2,4,2,1,3.22,4,6,4,7,6,5,7,6,6.39,4,4,3,4,4,5,5,3,5,3.88,2,3,3,2,3,58
R0214,IPP,F,20,2,MSc,Arts,3,4,0,0,0,0,0,1,0,0,2,3,2,2,3,2.19,2,4,4,4,4,4,3,6,3.55,3,1,1,2,3,4,3,2,6,2.74,2,2,1,2,3,48
R0215,IPP,F,19,3,BSc,STEM,3,3,0,0,1,0,0,0,0,0,4,4,3,2,3,4.04,6,2,4,5,5,3,3,5,4.24,3,3,3,3,3,2,4,4,2,3.6,2,2,4,4,3,51
R0216,IPC,F,19,2,BSc,STEM,2,2,1,0,0,0,1,0,0,1,1,3,2,3,1,1.52,5,6,6,6,7,5,7,5,6.47,5,7,6,4,5,6,7,7,7,5.75,2,2,3,1,1,51
R0217,IPV,F,20,1,BSc,STEM,2,4,1,0,1,1,0,0,1,0,2,5,5,5,6,4.67,4,1,4,4,4,4,3,3,3.33,4,2,4,4,4,2,7,5,6,4.32,3,2,3,1,2,35
R0218,UC,M,19,1,BSc,STEM,2,4,0,1,0,0,0,1,0,1,3,3,3,5,4,3.26,3,5,3,5,5,4,4,5,3.97,3,3,3,3,3,2,4,1,4,2.77,3,5,3,1,3,66
R0219,IPP,M,19,1,BSc,Health,3,3,0,0,0,0,0,1,0,0,4,4,5,6,6,3.24,5,5,4,5,6,5,5,7,4.66,4,4,5,2,4,5,5,4,4,3.74,3,4,4,5,5,71
R0220,IPV,M,20,2,BSc,STEM,3,4,0,0,1,1,0,1,0,0,3,4,2,4,2,2.67,4,6,6,5,7,6,6,7,5.45,4,5,6,6,4,6,5,5,6,4.98,2,3,4,3,3,53
R0221,IPC,M,20,2,MSc,SocSci,4,4,0,0,0,1,0,0,1,0,5,4,6,4,6,4.88,4,5,6,7,7,7,7,4,6.52,5,4,4,6,5,4,4,5,5,4.62,3,3,3,2,3,56
R0222,IPV,F,18,2,BSc,STEM,2,1,0,0,0,0,1,0,0,0,2,3,2,1,1,1.05,7,7,4,7,7,5,7,7,7.0,3,5,5,5,5,6,7,5,7,5.66,3,5,5,4,5,92
R0223,IPC,F,26,4,BSc,STEM,4,5,1,0,1,0,0,1,0,0,3,5,5,4,4,3.93,4,3,4,3,5,5,4,4,3.74,2,3,2,2,3,2,3,2,3,2.55,2,2,2,2,2,41
R0224,UC,F,19,2,BSc,Arts,3,5,1,1,0,0,0,0,0,1,6,6,3,5,5,5.65,5,3,2,4,4,4,3,1,3.63,2,3,3,2,3,6,3,3,2,2.45,4,3,4,1,3,55
R0225,IPV,F,27,2,BSc,STEM,3,4,0,1,1,1,1,0,0,1,6,7,6,4,5,5.88,3,3,2,4,5,2,4,2,3.28,3,3,5,4,4,3,3,2,2,3.34,3,2,3,2,4,57
R0226,IPV,F,25,4,BSc,SocSci,2,5,1,1,1,0,0,0,0,1,4,3,4,4,6,4.83,6,7,5,5,5,7,6,6,6.57,5,4,3,6,4,5,5,5,3,4.71,5,5,5,4,3,79
R0227,IPC,F,19,4,BSc,STEM,2,3,0,1,1,0,0,0,0,1,5,4,6,6,5,4.95,4,4,4,6,2,3,6,4,4.51,4,5,6,6,5,4,3,3,6,4.54,2,2,2,1,1,57
R0228,UC,F,30,4,MSc,STEM,3,4,1,0,1,1,1,0,0,0,4,3,5,3,4,3.53,3,5,7,5,6,7,6,4,4.98,2,2,4,4,5,3,3,5,4,3.35,4,2,4,3,3,64
R0229,IPC,F,20,1,BSc,SocSci,3,4,1,0,0,1,0,0,0,0,6,4,6,3,6,4.56,3,5,2,3,4,5,4,4,3.33,6,5,4,6,3,5,3,5,6,4.17,3,2,2,1,2,50
R0230,UC,M,18,4,BSc,Arts,2,5,1,1,1,1,1,1,0,1,5,6,5,5,7,5.39,4,3,4,4,4,3,5,3,4.11,3,3,3,4,4,3,5,3,5,3.15,1,2,1,2,1,32
R0231,IPV,F,20,3,MSc,Health,3,2,1,0,0,0,0,0,0,1,3,7,3,3,3,4.66,3,6,3,4,4,5,4,4,4.07,1,4,3,1,3,2,3,2,4,2.89,3,3,0,2,0,43
R0232,UC,M,19,1,BSc,STEM,4,5,1,1,1,0,0,0,1,1,5,7,6,7,6,5.68,6,4,5,5,5,3,4,4,5.38,3,4,6,4,5,6,7,3,4,4.9,3,2,3,4,4,63
R0233,IPP,M,19,3,BSc,STEM,2,5,0,1,1,1,1,0,0,0,1,1,1,2,4,1.91,6,7,7,5,7,5,7,7,6.43,5,5,7,5,5,5,6,5,4,5.12,5,2,2,5,3,72
R0234,IPC,F,19,2,BSc,STEM,3,1,0,0,0,0,1,0,0,0,1,2,3,1,3,2.68,5,7,6,6,7,5,7,7,6.3,7,3,4,6,5,5,5,7,3,4.92,5,5,4,5,5,88
R0235,UC,M,19,1,BSc,Arts,3,4,1,1,1,0,0,0,0,0,1,5,4,3,1,3.47,6,5,5,7,7,6,6,7,5.94,4,4,5,3,4,6,5,4,4,5.52,2,4,3,5,2,58
R0236,UC,F,30,5,BSc,STEM,2,3,1,0,0,0,0,0,0,0,4,2,5,5,4,4.32,5,3,3,3,4,6,3,3,4.4,4,4,2,3,3,4,4,4,4,4.23,1,3,2,1,2,39
R0237,IPC,F,31,3,MSc,STEM,4,4,1,1,1,0,1,0,0,1,4,3,3,5,3,4.36,4,2,4,5,5,2,5,3,3.53,5,4,3,3,3,3,5,4,3,3.28,3,2,2,2,2,40
R0238,IPP,M,18,2,BSc,STEM,3,2,0,0,0,1,0,1,0,0,3,3,1,4,4,3.9,5,6,5,6,5,3,5,4,4.65,6,4,5,7,6,6,6,6,5,5.45,4,4,3,3,4,53
R0239,IPC,M,18,1,MSc,Health,3,5,1,1,0,1,1,1,0,0,4,6,3,4,5,5.2,4,3,4,1,3,2,3,4,2.85,3,2,1,3,4,3,3,3,3,3.16,2,1,3,1,2,24
R0240,IPC,M,28,3,BSc,Arts,2,4,0,1,0,0,1,0,1,0,5,5,3,4,5,3.99,7,6,4,6,5,4,4,5,4.73,6,6,5,5,5,6,6,6,4,5.4,2,2,3,4,5,59
R0241,IPV,F,19,1,BSc,SocSci,2,4,1,0,0,1,1,0,0,0,3,4,3,4,3,3.39,5,6,6,6,4,6,6,7,6.21,7,7,7,7,5,6,7,7,7,7.0,5,4,3,4,4,81
R0242,UC,F,19,1,MSc,SocSci,4,4,1,0,0,1,0,1,0,0,7,5,7,6,5,5.55,3,3,4,3,3,3,5,3,3.38,3,3,3,3,4,4,5,5,3,3.76,0,1,0,2,2,21
R0243,IPV,F,27,3,BSc,STEM,3,4,1,1,1,1,0,0,0,0,6,5,3,5,5,5.41,5,7,7,6,6,6,6,6,6.02,3,4,3,3,3,3,4,3,6,3.3,3,4,4,3,3,64
R0244,UC,F,20,3,BSc,SocSci,3,4,1,1,0,1,1,0,0,0,7,6,5,5,4,4.42,3,4,4,4,4,5,4,3,4.71,2,3,4,2,2,3,3,3,3,2.89,5,2,5,5,5,71
R0245,IPP,F,25,4,BSc,Health,3,3,0,1,0,1,1,0,0,0,4,4,3,4,4,4.03,5,4,4,5,4,4,5,5,4.9,4,3,7,7,6,7,7,6,7,6.02,2,1,3,2,4,51
R0246,IPP,M,19,2,BSc,STEM,3,3,0,1,0,0,0,0,0,0,1,1,2,1,1,1.79,7,7,7,7,7,6,6,7,6.77,7,7,7,5,6,7,7,7,6,7.0,5,1,2,5,4,54
R0247,IPP,F,18,2,BSc,STEM,4,4,1,1,1,0,1,0,0,1,6,6,5,6,7,5.25,2,6,5,4,4,4,4,5,4.96,7,7,7,5,6,7,7,5,4,5.94,4,4,5,3,2,73
R0248,UC,F,18,2,MSc,STEM,3,4,1,1,0,0,0,1,0,0,5,4,5,5,3,4.25,3,4,3,5,4,4,3,6,4.31,1,2,4,4,4,4,5,2,5,3.24,2,2,4,1,1,47
R0249,IPP,F,20,2,MSc,STEM,4,4,1,0,1,1,0,0,1,0,5,6,4,4,6,5.51,3,5,5,5,6,5,3,6,4.66,4,4,4,4,5,5,3,2,5,4.31,4,3,3,4,4,65
R0250,IPV,M,20,1,BSc,SocSci,2,5,1,1,0,0,1,0,0,0,7,7,5,7,4,6.0,5,5,5,4,6,5,4,4,5.35,2,3,2,3,1,2,4,1,1,2.84,1,2,0,1,1,29
R0251,IPP,F,19,1,MSc,SocSci,3,2,0,0,1,1,0,0,0,0,1,1,3,3,3,2.34,4,7,6,5,5,4,5,4,4.96,3,4,4,4,4,2,2,5,2,3.56,2,4,3,1,2,50
R0252,IPC,M,20,2,BSc,STEM,3,4,1,1,0,1,0,0,0,0,4,1,3,2,3,3.33,4,4,4,5,6,4,5,6,4.56,5,4,5,5,4,6,5,5,5,4.98,4,3,4,4,3,73
R0253,IPV,F,18,1,BSc,STEM,4,1,0,0,0,0,0,0,0,0,6,5,3,5,3,4.29,4,4,4,6,5,5,5,4,5.02,5,5,4,4,6,4,5,7,5,5.38,5,5,5,5,5,98
R0254,IPC,M,27,4,BSc,Health,2,4,0,1,1,1,1,0,0,0,4,6,5,7,3,4.89,3,5,6,4,5,3,6,4,4.11,2,2,1,2,3,2,2,2,1,2.1,3,4,5,3,4,78
R0255,IPP,F,28,2,MSc,STEM,5,5,1,1,1,0,1,1,0,0,3,1,4,2,1,2.65,6,6,6,5,5,6,7,7,4.91,3,3,4,3,5,4,4,3,3,3.56,2,2,3,2,2,73
R0256,IPC,M,20,1,BSc,SocSci,5,5,1,1,1,0,1,1,1,1,4,4,3,3,4,3.91,6,4,3,4,6,5,7,7,5.06,5,3,5,5,5,4,4,3,4,4.04,5,3,2,3,3,70
R0257,IPC,O,25,3,MSc,STEM,4,5,1,1,0,1,0,1,1,0,6,3,3,3,5,4.83,7,6,4,5,6,7,4,7,5.52,5,6,5,6,6,6,5,3,4,5.19,5,5,5,5,5,94
R0258,UC,F,28,4,BSc,STEM,3,4,1,1,0,1,1,0,0,0,2,5,4,3,4,3.62,5,4,5,5,7,4,3,3,4.28,2,4,4,4,3,4,2,4,4,3.79,2,2,4,3,2,46
R0259,IPC,F,18,4,BSc,Health,3,5,1,0,0,1,1,0,1,0,4,6,4,6,6,5.37,1,4,3,2,4,2,3,3,2.6,4,3,4,3,4,4,4,5,4,3.08,1,3,1,2,1,34
R0260,IPC,F,27,3,BSc,STEM,3,5,1,1,1,0,1,1,0,1,4,5,1,3,4,3.91,5,4,4,5,4,3,4,4,4.57,4,4,5,5,5,5,5,4,3,4.17,2,2,3,2,5,70
R0261,UC,F,19,1,BSc,STEM,2,2,0,0,0,0,0,0,0,0,4,5,4,6,5,4.8,7,7,7,7,7,7,7,7,6.39,3,4,5,3,3,5,5,2,2,3.56,0,3,2,2,3,43
R0262,UC,M,25,2,Other,SocSci,2,5,1,0,1,0,0,0,0,0,2,3,4,5,3,3.83,7,4,6,6,6,6,7,7,5.65,6,6,6,4,5,7,6,6,4,5.28,3,3,3,3,5,67
R0263,UC,F,29,1,BSc,STEM,3,5,1,1,1,0,0,1,0,0,3,2,4,2,1,2.77,6,7,5,6,6,6,5,6,5.64,7,7,7,7,6,6,7,7,5,6.6,1,1,2,1,2,41
R0264,UC,M,20,1,BSc,SocSci,2,4,0,1,0,0,0,1,0,0,7,5,6,5,7,5.81,6,3,3,3,4,2,3,5,3.45,4,4,5,4,5,5,4,3,3,4.36,1,4,3,4,2,47
R0265,UC,M,19,1,MSc,Health,3,5,1,1,0,0,1,1,0,0,5,5,3,5,5,3.63,6,6,3,5,5,4,6,5,4.96,6,7,4,6,3,6,4,4,6,4.73,2,3,3,3,3,56
R0266,UC,F,20,3,BSc,STEM,4,4,1,0,1,0,0,0,0,1,4,4,3,4,1,4.06,4,5,6,5,7,3,4,6,4.53,5,7,7,4,5,7,4,6,5,4.97,2,3,3,3,3,49
R0267,UC,F,18,1,BSc,STEM,2,5,1,1,0,1,1,0,0,0,7,6,5,5,4,5.58,7,5,5,6,4,6,6,5,5.11,4,6,7,5,6,6,6,6,5,5.86,3,5,5,5,3,88
R0268,IPP,M,19,1,BSc,STEM,4,4,1,0,1,1,1,1,1,0,2,5,3,6,5,3.71,6,5,6,5,5,7,4,5,5.94,6,6,6,5,6,6,6,6,6,5.4,3,4,3,4,3,66
R0269,IPP,M,27,1,BSc,SocSci,5,5,1,0,1,1,1,1,1,0,5,3,6,5,4,4.54,7,7,6,5,5,6,5,7,5.65,2,4,4,4,2,4,3,4,4,3.97,4,2,3,2,3,64
R0270,IPV,M,32,4,BSc,STEM,3,5,0,1,1,1,1,0,0,1,6,7,6,5,6,6.1,3,3,5,4,5,5,5,6,4.44,7,4,4,7,5,6,6,7,5,5.82,2,3,3,3,2,63
R0271,IPP,M,25,3,MSc,Arts,4,4,1,0,1,0,0,0,1,0,3,2,3,3,1,1.85,6,6,5,5,7,5,6,6,5.48,5,6,4,6,6,5,4,5,6,5.12,5,4,5,5,4,93
R0272,IPV,F,33,3,MSc,Health,4,5,1,1,1,1,0,1,1,0,4,5,3,4,2,3.48,4,6,4,3,4,5,3,2,3.84,4,4,5,4,4,5,4,4,5,3.85,3,2,2,3,2,52
R0273,UC,M,27,1,BSc,STEM,4,4,1,1,1,1,1,1,1,1,5,3,6,4,5,4.12,7,3,4,5,4,5,3,3,4.36,5,4,3,4,4,3,3,4,4,4.12,2,1,3,3,3,53
R0274,IPP,M,18,1,BSc,STEM,3,1,0,0,0,0,0,0,0,0,3,3,1,2,3,2.98,6,7,7,6,7,7,4,7,5.76,5,6,3,5,6,3,5,5,4,4.53,4,5,5,5,5,97
R0275,IPV,M,18,4,BSc,SocSci,3,3,1,0,0,0,0,0,0,0,3,6,4,7,5,4.26,7,7,4,6,7,4,6,5,5.73,7,7,7,7,6,6,7,7,6,6.52,3,4,4,5,4,81
R0276,UC,F,25,1,BSc,STEM,3,4,1,1,1,1,1,1,0,1,3,5,3,3,3,4.04,5,3,4,5,3,4,5,4,4.07,2,1,1,2,1,1,2,2,1,1.25,2,2,0,2,1,40
R0277,UC,F,20,4,BSc,STEM,3,5,1,1,0,1,1,0,0,1,5,2,4,4,6,3.7,7,4,7,6,6,4,5,5,5.61,3,3,3,4,3,2,4,3,5,3.69,4,2,2,3,2,53
R0278,IPP,F,25,2,BSc,STEM,5,4,0,1,1,0,1,0,0,0,6,3,5,5,5,5.32,6,6,5,5,6,4,5,5,5.3,7,7,7,7,7,7,7,5,7,6.61,2,2,2,3,2,43
R0279,UC,F,19,3,BSc,STEM,4,5,1,1,1,1,1,0,1,0,4,5,4,7,5,4.82,5,6,4,6,6,5,7,5,4.64,4,6,4,1,3,2,3,2,2,2.61,1,1,2,3,2,24
R0280,IPP,M,20,1,Other,Arts,4,5,0,0,0,1,1,0,0,0,7,5,5,5,4,4.91,3,3,4,5,4,3,4,4,3.81,4,2,5,5,4,4,4,3,2,3.37,1,4,2,1,3,38
R0281,IPP,M,27,2,BSc,Health,4,5,1,1,1,0,1,1,0,0,5,5,5,7,4,5.33,4,4,5,4,3,4,3,5,4.01,4,4,3,5,4,3,4,3,4,3.62,4,3,5,4,3,70
R0282,IPC,F,25,2,BSc,SocSci,3,2,1,0,1,0,0,0,0,0,3,3,3,5,4,4.0,5,3,4,5,4,4,3,2,4.13,2,3,2,3,2,1,2,3,2,2.37,2,3,2,3,3,41
R0283,IPC,F,19,2,BSc,STEM,2,4,1,1,0,0,1,1,1,0,7,6,7,7,5,7.0,3,7,5,4,4,5,5,3,4.46,4,5,3,3,3,2,2,3,4,3.54,2,0,2,2,0,23
R0284,IPP,F,18,1,BSc,SocSci,3,1,0,0,0,0,0,0,0,0,2,3,2,1,2,2.44,4,5,6,7,6,7,7,7,5.91,7,3,5,6,3,6,7,5,4,5.17,4,4,2,4,4,71
R0285,IPP,F,19,1,BSc,STEM,3,5,1,0,1,1,0,1,1,0,1,3,1,3,2,3.04,4,7,5,5,4,4,6,5,5.31,4,5,3,5,4,4,7,3,4,4.3,3,5,4,2,5,70
R0286,UC,F,19,3,BSc,STEM,3,2,0,0,0,1,0,0,0,0,4,3,1,1,2,1.39,4,6,5,5,5,7,5,5,5.93,7,4,4,4,7,5,5,5,4,5.24,4,2,4,2,3,64
R0287,UC,F,20,3,BSc,Health,4,2,0,0,0,0,0,0,0,0,4,3,2,3,2,3.57,6,7,6,5,5,5,5,6,5.19,5,4,6,4,5,5,5,6,5,4.04,4,4,5,5,5,89
R0288,IPV,F,18,4,BSc,Arts,3,4,0,1,0,1,0,1,0,0,7,6,4,4,2,4.3,3,4,4,5,4,4,6,4,3.84,3,3,4,7,5,5,6,3,5,4.79,2,2,3,2,2,56
R0289,UC,F,25,2,BSc,STEM,2,5,1,1,1,0,1,0,0,0,4,5,3,6,6,4.75,6,7,5,5,7,5,7,6,5.88,2,2,4,5,4,3,4,4,3,3.91,3,4,5,4,4,74
R0290,IPP,M,20,2,BSc,SocSci,5,4,1,1,1,0,0,0,0,0,3,5,6,5,5,4.93,5,4,2,4,3,3,2,5,3.98,5,5,4,3,3,4,5,3,3,3.7,2,1,1,3,2,45
R0291,IPC,F,31,1,BSc,STEM,3,5,1,0,1,1,1,1,1,0,3,2,1,1,2,2.36,4,4,4,4,6,4,4,2,4.13,6,6,7,7,4,4,6,3,6,5.18,5,3,2,3,4,64
R0292,IPV,M,18,3,MSc,STEM,2,5,1,0,1,0,0,1,0,0,7,7,7,7,7,7.0,6,5,4,4,6,5,6,3,4.61,2,3,4,5,2,3,1,3,2,3.06,1,1,1,1,1,25
R0293,IPV,F,32,2,BSc,STEM,3,4,0,0,1,1,0,0,0,0,6,7,7,5,7,7.0,4,4,3,5,6,4,5,3,3.66,5,4,6,3,4,4,5,5,6,4.71,2,2,3,2,2,54
R0294,IPP,F,20,3,BSc,STEM,4,4,0,0,0,1,0,0,0,1,4,6,5,4,5,5.03,3,4,4,4,3,3,4,5,4.11,4,3,3,2,4,2,4,1,2,2.54,2,4,3,3,2,62
R0295,UC,F,19,4,MSc,Arts,2,5,1,1,1,1,0,1,0,1,4,3,5,5,5,4.82,5,5,6,5,7,6,7,6,5.54,6,2,4,3,4,6,5,5,5,4.26,2,4,4,2,3,68
R0296,UC,M,20,2,MSc,STEM,2,5,1,1,0,1,0,0,1,0,7,3,5,3,4,4.56,5,4,4,5,5,4,5,7,4.99,2,3,5,5,5,5,6,5,5,3.94,1,0,0,2,0,4
R0297,IPV,M,20,3,BSc,Health,2,2,0,0,0,0,0,0,0,0,5,4,5,3,5,4.34,4,7,6,6,6,6,5,4,5.6,5,5,3,7,3,6,5,4,5,5.18,2,3,2,3,2,49
R0298,IPV,F,20,4,MSc,SocSci,4,4,1,1,0,0,1,0,0,0,5,4,5,7,7,5.58,6,6,6,7,7,7,6,6,6.51,4,5,5,6,6,4,4,5,6,4.91,3,3,3,1,3,58
R0299,IPP,F,30,1,MSc,STEM,3,5,1,1,1,1,0,1,0,0,7,6,4,5,3,4.79,6,2,5,7,6,6,5,7,5.52,5,3,6,5,5,5,5,4,3,4.35,3,4,5,4,5,76
R0300,UC,M,18,5,BSc,SocSci,5,4,1,0,0,0,1,0,0,0,4,3,3,4,4,4.24,5,2,7,5,4,6,7,6,5.4,6,4,5,2,6,4,4,3,5,4.68,4,3,4,3,3,75
R0301,IPC,M,19,2,BSc,STEM,3,5,1,0,1,0,1,0,0,1,4,4,3,3,4,3.93,5,3,6,6,4,4,6,4,4.79,5,3,5,5,5,6,5,6,6,4.98,3,4,3,4,3,80
R0302,UC,F,19,1,BSc,SocSci,2,4,1,1,1,0,0,1,0,0,1,2,2,1,2,1.39,3,4,4,4,5,4,3,4,3.61,3,3,4,4,5,3,6,4,4,3.97,3,3,4,5,3,65
R0303,IPC,F,25,1,BSc,STEM,4,4,1,0,0,0,1,1,0,1,2,5,2,4,1,2.62,4,6,4,6,5,4,4,5,5.04,3,5,4,3,3,3,4,4,5,3.57,3,4,4,4,4,74
R0304,UC,F,20,2,BSc,STEM,2,4,1,1,1,1,0,0,0,0,5,3,5,3,6,4.81,5,3,4,3,3,3,5,5,4.04,7,6,5,7,6,7,5,4,5,5.84,4,5,5,5,5,97
R0305,IPV,F,25,3,BSc,STEM,4,1,0,0,0,0,0,0,0,0,3,4,6,5,3,3.15,7,5,7,6,4,4,6,7,5.57,3,4,1,3,3,3,3,2,1,2.6,3,2,4,3,5,64
R0306,IPC,M,20,3,BSc,STEM,4,3,0,1,1,0,0,0,0,0,1,1,5,4,2,2.94,6,7,6,7,7,7,7,6,6.68,4,7,5,6,5,4,3,3,5,5.14,4,5,3,5,5,79
R0307,IPV,O,32,5,BSc,SocSci,2,4,0,1,1,0,0,1,0,0,4,5,2,2,1,3.45,6,5,3,3,4,3,5,6,5.12,6,7,5,6,7,6,6,7,5,6.2,0,2,3,1,3,44
R0308,IPP,F,18,5,MSc,SocSci,4,5,1,0,1,0,0,0,0,0,3,2,2,5,4,3.69,4,4,4,5,7,6,3,3,4.06,3,4,2,3,4,3,3,3,4,3.55,5,3,3,3,4,77
R0309,IPP,F,20,1,BSc,STEM,5,5,1,1,1,1,1,0,0,0,4,4,6,7,7,5.63,6,3,7,7,6,7,6,6,5.89,5,5,7,6,6,6,3,5,5,5.54,4,3,4,3,3,66
R0310,IPV,M,20,4,BSc,SocSci,4,4,1,1,1,0,1,0,1,0,6,5,7,5,5,4.84,2,5,3,4,3,4,3,3,3.57,4,4,4,1,3,5,3,4,3,3.47,2,3,3,4,3,55
R0311,IPC,F,20,2,BSc,STEM,2,5,1,1,1,1,0,0,1,0,4,4,5,6,5,4.61,3,4,3,4,5,4,3,3,3.58,2,4,2,3,4,2,3,2,3,2.79,2,3,1,1,3,36
R0312,UC,F,27,2,MSc,Health,3,2,0,0,0,0,0,0,0,0,3,3,3,2,5,3.88,7,7,6,6,7,4,6,6,7.0,7,4,6,6,4,7,6,6,5,5.85,4,4,4,3,4,56
R0313,IPC,M,27,2,MSc,STEM,4,5,1,1,1,1,1,0,1,1,4,7,6,6,6,5.42,3,4,5,3,6,4,3,4,3.16,3,2,4,4,3,3,3,3,3,3.14,0,1,0,0,1,3
R0314,IPV,F,26,3,BSc,SocSci,2,4,1,1,0,0,0,1,1,1,3,1,1,3,3,2.4,7,7,6,5,7,7,7,6,6.06,7,7,6,7,7,6,7,5,6,6.33,4,3,5,5,5,77
R0315,IPV,M,18,2,MSc,STEM,4,3,1,1,0,0,0,0,0,0,7,7,6,5,6,5.27,3,4,5,3,4,2,2,3,2.93,4,4,2,4,3,1,4,3,2,2.97,3,2,3,3,2,62
R0316,UC,M,28,4,MSc,STEM,3,4,1,1,0,0,0,0,0,0,3,6,2,5,4,4.64,7,6,6,3,4,5,5,6,5.26,4,4,5,5,3,3,4,5,3,4.63,4,2,2,4,3,55
R0317,IPV,F,27,4,MSc,STEM,2,2,0,0,0,0,0,0,0,0,1,4,4,3,1,2.53,5,7,7,7,4,7,5,6,6.63,7,6,6,6,7,7,6,6,6,6.19,2,4,3,4,3,73
R0318,UC,M,29,3,BSc,STEM,3,4,0,1,1,0,1,0,1,0,5,4,5,3,5,4.55,7,4,6,6,6,5,6,5,5.25,3,2,6,5,5,5,5,5,3,4.62,3,3,2,2,2,48
R0319,IPC,F,28,2,BSc,STEM,2,5,1,1,0,1,1,1,1,0,3,4,5,3,1,3.88,5,5,6,6,7,5,6,4,5.75,4,3,2,2,2,5,5,4,5,3.55,4,3,4,4,4,65
R0320,IPV,O,25,1,Other,SocSci,4,1,0,0,0,0,0,0,0,0,2,5,3,2,5,4.12,6,5,7,7,6,6,7,5,6.45,5,6,7,7,5,6,5,4,6,5.44,3,3,2,4,3,59
R0321,IPV,F,25,1,MSc,STEM,3,4,1,0,0,0,1,0,0,0,4,5,5,4,5,4.3,5,4,4,4,4,6,4,4,3.99,1,1,3,1,1,3,2,3,1,1.85,0,1,2,2,1,36
R0322,IPP,M,25,4,BSc,SocSci,3,3,1,0,0,0,1,1,0,0,2,6,4,1,2,3.45,7,6,7,7,6,5,5,6,5.41,5,5,7,6,6,4,5,7,5,6.15,0,3,3,1,3,38
R0323,IPP,F,20,4,MSc,Arts,4,3,0,1,0,0,0,0,0,0,1,1,1,1,3,1.87,5,7,5,6,7,4,7,6,5.89,4,7,6,6,6,6,7,7,4,5.25,5,5,5,5,5,97
R0324,IPV,F,18,1,BSc,STEM,2,2,0,1,0,1,0,0,0,0,5,7,5,7,4,5.23,7,4,6,6,5,4,7,7,5.39,6,5,5,5,7,4,5,5,6,4.86,3,3,3,2,4,75
R0325,UC,M,18,1,BSc,SocSci,3,4,0,1,0,0,1,1,0,0,4,4,6,5,6,4.37,5,5,4,5,5,6,5,6,5.4,5,4,7,5,5,6,3,4,4,5.42,3,4,3,5,5,87
R0326,IPP,F,18,1,BSc,SocSci,3,4,1,0,0,1,0,0,0,0,4,4,4,6,3,3.56,3,5,3,3,3,3,4,4,3.96,5,3,2,3,6,4,3,6,3,4.22,3,3,3,3,4,59
R0327,UC,M,25,2,MSc,SocSci,1,4,0,1,0,0,1,1,1,1,1,2,1,3,3,2.13,5,6,5,6,6,3,6,5,5.36,5,4,4,6,4,5,5,5,6,4.87,3,2,4,5,2,67
R0328,IPP,F,32,2,BSc,STEM,5,4,1,1,1,1,0,0,0,0,3,5,3,3,3,3.32,4,3,6,5,7,6,4,5,5.23,6,6,5,5,4,6,5,6,4,5.23,4,3,4,4,4,63
R0329,IPP,F,26,1,MSc,SocSci,2,2,0,0,0,0,0,0,0,1,3,2,3,2,4,3.85,7,4,7,3,4,7,6,5,5.3,5,5,3,4,5,4,4,4,6,4.74,4,3,2,3,3,63
R0330,IPC,M,25,3,Other,STEM,3,4,1,1,1,0,1,0,0,0,1,3,3,2,2,2.48,4,3,5,5,4,5,5,5,4.15,5,3,4,5,3,4,2,5,4,3.82,5,4,4,4,5,81
R0331,IPC,F,25,1,BSc,STEM,4,5,1,1,0,1,1,1,1,0,4,4,6,6,4,4.68,4,3,5,4,3,4,6,4,4.35,5,5,5,4,4,4,5,4,4,4.46,3,3,1,3,2,48
R0332,UC,M,18,5,BSc,SocSci,3,5,1,0,0,0,0,1,0,0,4,4,3,3,5,4.02,5,6,6,7,5,7,7,6,6.22,6,6,6,7,6,4,6,3,6,5.24,4,3,3,3,4,76
R0333,UC,M,20,4,BSc,STEM,2,5,1,1,0,1,0,1,0,0,7,4,7,5,5,5.51,4,4,3,4,3,4,4,5,3.95,3,3,4,5,5,4,5,4,4,4.39,2,3,4,2,4,58
R0334,IPP,F,29,1,MSc,STEM,3,4,0,0,0,1,1,0,1,0,7,4,4,5,4,5.3,3,4,5,7,5,5,6,4,4.88,3,5,3,5,4,6,5,3,3,3.31,4,4,1,3,4,72
R0335,UC,F,18,2,MSc,STEM,1,4,0,0,1,1,0,0,1,0,2,3,6,4,4,3.77,5,6,5,5,5,5,5,4,4.98,4,4,4,5,3,5,5,5,3,3.66,4,2,3,3,3,56
R0336,IPP,M,25,2,BSc,Health,2,3,0,1,0,0,0,0,0,0,4,4,4,4,3,3.73,5,7,7,5,5,5,7,6,5.47,4,4,5,5,6,5,4,5,6,5.03,5,2,4,2,4,57
R0337,IPV,M,20,1,MSc,SocSci,2,5,1,0,0,1,1,1,0,0,5,3,3,5,6,4.07,5,4,5,5,2,5,4,4,4.32,6,5,4,4,5,5,4,4,4,4.97,2,2,2,4,1,43
R0338,IPP,M,25,2,MSc,STEM,5,3,0,0,0,1,0,0,0,0,4,4,2,2,1,3.0,7,4,7,7,7,6,7,6,7.0,6,7,4,3,6,4,5,4,6,4.98,3,1,3,5,2,67
R0339,IPC,F,20,1,MSc,Health,3,5,0,1,0,1,1,1,0,0,4,4,5,4,5,4.73,4,1,3,4,3,1,2,2,2.6,1,1,3,1,2,2,1,1,1,1.19,0,1,1,0,0,10
R0340,IPP,M,26,2,BSc,STEM,5,4,1,0,1,1,0,1,0,1,2,4,5,3,4,3.27,6,7,6,7,6,6,5,5,6.33,7,7,6,7,7,7,7,7,6,6.93,5,2,3,4,4,72
R0341,IPC,M,18,2,BSc,STEM,2,5,1,1,0,0,0,1,0,0,4,5,4,3,5,4.51,6,5,4,4,4,6,5,6,4.83,4,5,3,3,2,4,4,5,5,3.99,3,1,2,3,3,54
R0342,IPC,F,25,1,BSc,STEM,3,4,1,1,0,0,1,1,0,0,3,2,2,4,2,2.92,6,6,6,5,5,6,6,6,5.66,4,3,3,2,5,4,2,5,3,4.1,3,4,4,3,5,71
R0343,IPP,F,18,1,BSc,STEM,4,4,0,0,1,0,1,0,1,0,1,3,2,1,1,1.0,4,5,6,7,6,6,4,7,5.71,4,3,1,3,4,3,4,3,5,2.73,5,4,4,5,4,93
R0344,IPP,F,28,1,BSc,Health,4,4,0,1,1,0,0,1,0,0,4,5,2,4,3,3.37,6,7,6,4,7,5,5,6,6.03,5,6,7,7,4,5,7,6,7,5.6,4,3,4,3,5,77
R0345,UC,M,19,3,BSc,STEM,3,5,1,1,0,1,1,1,0,1,3,3,7,4,3,3.58,5,2,4,5,4,3,5,4,4.06,7,5,5,4,5,6,3,6,4,5.29,4,3,1,3,1,67
R0346,IPP,M,18,1,MSc,STEM,3,5,1,1,1,0,1,1,0,1,6,6,3,5,5,5.22,2,5,5,6,4,6,5,4,4.86,5,5,5,7,5,5,2,5,6,4.94,1,3,2,2,3,53
R0347,IPC,F,20,3,MSc,STEM,3,5,1,1,1,0,0,0,0,1,4,6,4,3,4,3.92,6,4,4,6,5,5,4,4,4.58,4,3,4,6,2,3,2,5,4,3.2,2,3,2,4,2,46
R0348,IPV,F,29,2,MSc,Health,2,3,0,0,0,0,0,0,0,0,6,6,5,5,4,4.91,6,4,4,5,4,3,4,4,3.99,5,3,3,4,4,5,4,5,2,3.8,3,3,2,2,2,59
R0349,IPP,M,31,1,BSc,STEM,4,4,1,0,0,1,0,0,1,0,7,6,4,5,7,5.8,4,7,6,6,5,7,6,6,5.34,5,5,6,5,4,4,4,5,4,4.76,4,4,4,3,4,89
R0350,IPC,F,19,1,BSc,SocSci,3,4,0,0,1,0,1,1,0,0,5,4,3,4,4,3.78,5,6,7,5,7,6,7,6,6.33,5,4,5,6,3,5,6,5,4,4.53,3,3,4,3,4,71
R0351,UC,F,20,2,MSc,STEM,3,4,1,0,0,0,0,1,0,1,5,3,5,4,5,4.4,7,6,7,6,6,5,7,5,5.84,4,3,5,4,5,6,6,4,6,5.34,3,2,3,3,4,66
R0352,UC,M,20,4,BSc,Health,2,4,0,0,1,1,1,0,0,1,6,6,6,6,4,5.26,6,5,3,3,3,3,5,4,3.3,4,2,3,2,2,4,4,4,4,3.43,2,2,3,2,3,53
R0353,UC,F,18,2,MSc,STEM,4,4,0,0,0,0,1,0,1,0,2,3,2,3,2,2.92,6,5,6,6,3,6,5,6,4.9,4,7,5,5,6,4,7,7,3,5.61,4,4,3,3,3,73
R0354,IPV,F,18,2,BSc,STEM,1,5,1,0,1,0,1,0,0,1,7,7,7,7,7,7.0,6,4,6,5,6,7,4,7,4.82,2,4,3,2,5,3,1,3,3,3.34,2,0,1,0,1,23
R0355,IPP,F,20,1,BSc,Health,5,4,1,1,0,0,1,0,0,0,2,3,1,4,2,3.06,4,4,3,4,4,3,5,3,4.25,4,4,3,5,6,3,4,4,1,3.45,2,3,4,4,5,68
R0356,IPV,M,25,5,BSc,Arts,3,4,1,0,1,0,1,1,0,1,5,5,5,3,3,3.73,4,6,5,5,6,5,7,4,5.51,6,7,5,5,3,5,4,5,3,4.99,4,2,3,1,3,60
R0357,IPP,M,26,2,Other,STEM,3,5,1,0,1,0,0,0,1,0,2,2,2,3,5,2.73,6,6,7,5,7,7,7,7,6.59,6,7,7,6,4,5,5,6,5,6.2,2,5,3,2,2,43
R0358,IPC,F,18,1,BSc,STEM,3,5,1,0,1,0,1,1,0,1,6,7,5,6,4,5.14,6,7,6,5,5,7,6,5,5.75,5,2,3,3,5,5,3,4,5,3.75,4,3,2,4,3,63
R0359,IPP,F,27,3,BSc,SocSci,2,4,0,0,1,0,0,1,1,0,3,6,7,5,3,5.13,7,7,5,7,7,6,7,6,7.0,6,3,5,6,5,3,6,4,5,4.82,2,3,2,2,4,43
R0360,IPP,F,28,2,BSc,SocSci,2,3,1,0,0,1,0,0,0,1,4,4,7,6,3,4.52,4,4,5,3,6,3,7,4,4.56,4,3,4,3,3,4,3,5,3,3.67,5,5,3,2,5,93
R0361,IPP,F,18,2,BSc,SocSci,3,5,1,1,1,1,1,1,1,1,3,7,3,7,2,4.35,3,4,1,3,4,4,3,3,3.4,6,4,4,2,4,4,3,4,2,3.71,1,0,1,1,0,29
R0362,IPC,F,25,1,BSc,STEM,1,4,1,0,0,0,1,0,0,0,5,5,6,3,5,5.12,5,6,7,4,5,5,6,5,5.18,5,7,5,7,7,7,5,7,7,6.25,4,2,4,2,1,60
R0363,IPV,F,20,1,BSc,STEM,4,5,1,1,1,0,0,0,1,0,6,7,7,4,7,7.0,3,4,5,3,5,5,3,4,4.23,4,2,4,3,3,4,4,2,7,3.32,1,3,2,1,3,44
R0364,IPV,F,26,1,BSc,STEM,2,4,1,1,0,0,1,0,0,0,6,6,6,4,4,5.56,3,4,3,3,5,4,5,5,4.22,6,4,5,6,6,4,4,4,5,4.37,1,3,3,1,0,38
R0365,UC,M,28,3,BSc,Health,3,4,1,0,1,0,0,1,0,0,5,7,3,3,1,3.58,6,5,4,6,3,5,4,6,4.79,6,5,3,3,6,7,7,6,6,5.42,0,1,1,1,2,32
R0366,UC,M,20,1,BSc,STEM,3,3,1,0,0,0,0,0,0,0,4,5,3,4,2,3.09,4,6,4,6,4,6,5,4,4.92,6,6,5,5,5,6,5,7,7,5.56,1,4,4,2,2,57
R0367,IPC,F,25,3,BSc,SocSci,5,5,1,1,1,0,0,0,0,0,6,7,7,4,7,6.26,5,3,5,4,5,6,6,4,4.34,6,5,6,7,6,6,5,4,7,5.38,1,0,0,1,0,24
R0368,IPP,F,20,5,BSc,Arts,2,5,1,1,0,1,1,0,1,0,2,2,3,1,3,2.15,6,4,4,4,4,7,5,4,4.82,6,6,4,5,5,4,4,6,4,4.57,3,2,2,3,2,48
R0369,UC,F,25,2,BSc,SocSci,3,4,1,0,1,1,0,0,1,0,5,4,2,2,4,3.74,1,2,3,2,2,3,3,2,3.04,1,4,3,3,3,6,2,2,3,3.55,2,3,2,3,2,56
R0370,IPV,F,20,4,BSc,Health,4,5,1,0,1,0,0,1,1,0,7,5,7,6,5,7.0,5,5,4,7,6,5,3,5,5.06,3,5,4,3,4,6,6,3,4,4.38,2,2,4,3,2,42
R0371,IPP,F,25,4,MSc,Health,3,1,0,0,0,0,1,0,0,0,4,2,4,3,2,2.3,7,5,6,7,5,5,5,4,6.27,2,4,5,4,5,5,2,5,4,4.17,4,5,4,4,5,91
R0372,UC,M,25,3,BSc,Arts,2,4,0,1,0,0,1,1,0,1,4,5,3,3,5,4.49,4,5,4,4,4,5,5,5,4.67,3,5,3,2,3,2,1,3,2,2.63,2,2,2,4,2,46
R0373,IPV,M,28,2,BSc,STEM,2,4,1,0,1,1,1,1,0,0,5,5,6,2,6,4.31,3,4,7,4,5,6,3,4,4.39,3,1,1,2,4,3,2,3,2,2.85,1,2,2,1,3,42
R0374,IPP,M,20,3,BSc,SocSci,3,4,0,0,0,0,0,1,0,0,2,3,1,1,3,2.49,7,7,5,7,7,7,6,7,6.88,5,6,3,5,6,5,6,7,3,5.35,5,5,4,5,5,88
R0375,IPV,F,20,4,BSc,SocSci,2,1,0,0,0,1,0,0,0,0,3,2,1,4,4,3.41,4,3,7,5,6,6,4,3,4.47,2,2,3,4,4,3,3,3,3,3.88,5,3,4,2,3,66
R0376,UC,M,25,2,Other,Arts,4,3,1,1,0,0,0,0,0,0,4,4,6,3,5,5.31,3,3,5,3,3,6,4,4,4.07,3,5,5,6,6,5,5,4,5,4.33,2,4,4,3,2,57
R0377,IPP,F,25,3,BSc,STEM,3,5,1,1,1,1,1,1,1,0,7,3,4,5,6,4.09,6,6,6,5,6,5,6,6,5.68,3,4,5,4,5,5,5,3,4,4.52,4,2,2,2,2,46
R0378,UC,F,18,1,BSc,STEM,4,2,0,0,0,0,1,0,1,0,2,4,2,1,4,2.1,6,5,6,4,5,7,4,6,4.43,5,3,3,3,5,4,3,3,3,3.79,4,5,4,4,5,87
R0379,IPP,M,20,3,MSc,STEM,1,4,1,1,1,0,0,0,0,0,5,5,6,3,4,4.19,5,4,7,4,6,6,6,6,6.26,3,3,4,3,3,5,5,4,5,4.07,1,1,1,2,2,20
R0380,IPP,F,20,3,BSc,Health,1,5,1,1,1,1,1,1,0,0,2,5,7,7,6,5.22,5,5,5,5,3,3,3,4,4.4,3,5,4,5,4,4,3,6,2,3.89,0,0,0,0,1,8
R0381,UC,F,19,5,BSc,Health,4,4,1,0,0,0,1,1,0,0,7,5,3,5,6,5.33,5,6,6,5,4,3,6,5,4.5,4,4,4,3,3,5,4,4,4,3.45,2,3,5,3,2,74
R0382,UC,F,18,4,BSc,Health,3,4,1,1,0,1,1,0,0,0,7,7,7,7,7,6.81,7,4,6,5,5,6,6,4,4.52,6,5,5,3,4,2,6,5,3,3.9,1,3,4,2,5,57
R0383,UC,F,26,4,MSc,SocSci,3,2,0,0,0,0,0,1,0,0,1,2,3,1,4,2.9,7,7,6,6,7,6,5,7,6.47,7,6,7,5,5,6,7,7,6,6.52,5,3,4,4,4,89
R0384,IPP,F,20,5,MSc,Health,2,3,0,0,0,0,0,0,1,0,2,4,4,2,1,3.31,6,6,4,7,4,4,7,5,4.9,4,5,5,4,6,5,3,3,6,5.07,1,1,2,2,3,42
R0385,IPC,M,20,1,BSc,Health,3,5,1,1,1,1,1,0,1,1,5,4,6,2,3,4.19,6,6,6,4,5,7,5,6,5.02,2,5,6,2,4,5,3,5,4,3.85,1,1,0,1,1,23
R0386,UC,M,30,3,BSc,Health,3,5,0,0,1,1,1,0,0,0,7,4,4,7,7,5.73,5,6,4,5,6,4,6,5,4.78,2,5,3,3,2,2,3,3,4,3.09,3,2,3,2,2,54
R0387,UC,F,20,2,BSc,Arts,2,4,0,1,1,1,0,0,1,0,5,5,3,4,3,3.92,6,3,6,3,7,5,3,5,5.2,4,3,4,3,5,3,4,3,4,4.04,5,4,3,3,3,68
R0388,IPP,M,20,3,BSc,STEM,3,4,0,1,1,0,1,0,0,1,4,4,5,6,4,4.73,5,7,5,3,6,5,7,4,4.52,6,5,7,6,6,4,5,7,7,5.61,2,4,1,2,3,52
R0389,IPP,F,26,4,BSc,STEM,3,3,0,0,1,0,0,0,0,0,4,4,5,3,3,3.23,4,6,6,6,3,5,7,5,5.72,6,7,7,5,5,5,5,6,4,5.09,5,5,4,3,2,85
R0390,IPC,M,19,1,BSc,SocSci,2,4,1,0,0,0,0,0,0,0,4,4,4,5,4,3.25,7,6,5,6,6,6,7,6,6.58,7,7,7,7,5,6,7,7,6,7.0,1,3,1,4,3,49
R0391,UC,F,25,5,BSc,STEM,3,2,0,0,0,0,0,0,0,0,7,4,7,5,6,5.94,3,4,6,6,4,7,5,4,4.63,3,3,2,1,3,2,2,5,3,2.82,1,3,2,0,3,46
R0392,IPP,M,20,3,BSc,STEM,3,4,1,0,1,1,0,1,0,0,5,7,5,6,6,5.77,4,5,3,6,4,4,4,3,3.54,3,3,2,3,1,1,2,1,1,1.19,1,1,2,1,2,32
R0393,IPC,M,19,2,BSc,STEM,3,4,1,0,0,1,0,1,0,0,4,5,2,4,5,3.92,5,7,4,5,6,4,6,4,5.07,6,7,7,7,6,5,5,7,6,5.96,4,4,2,2,4,58
R0394,UC,M,32,2,MSc,SocSci,3,2,0,0,0,0,1,0,0,0,2,2,1,1,2,1.0,7,7,7,7,6,7,7,7,7.0,7,7,6,7,6,6,7,7,7,7.0,3,4,4,5,4,97
R0395,IPC,F,19,1,BSc,STEM,2,3,0,1,0,1,0,0,0,0,5,5,5,6,6,5.05,4,5,4,6,7,4,3,4,4.76,6,6,5,7,5,6,5,6,5,4.52,1,2,2,1,2,40
R0396,IPV,F,19,1,MSc,STEM,4,2,0,0,0,0,0,1,0,0,1,5,5,3,1,3.29,6,7,5,7,7,7,6,7,6.64,5,4,6,4,2,4,4,6,7,4.29,4,4,3,3,2,68
R0397,IPP,F,27,4,BSc,Health,2,4,0,1,0,0,0,0,1,1,5,7,7,7,7,6.7,3,3,4,5,4,5,4,4,3.82,5,5,4,2,6,2,4,4,5,3.72,1,2,2,3,3,23
R0398,IPC,F,25,1,BSc,STEM,3,5,0,1,0,1,0,0,1,1,4,5,4,4,5,4.76,7,1,6,5,5,4,4,6,4.48,2,2,3,4,2,4,3,4,2,2.76,3,4,4,1,3,52
R0399,IPV,F,26,4,MSc,STEM,1,4,1,0,0,0,0,0,0,1,3,3,3,1,2,2.87,4,6,5,4,3,6,6,3,4.81,5,5,6,5,4,4,4,6,5,5.35,3,3,2,4,1,44
R0400,IPP,M,26,5,BSc,Health,3,4,1,1,1,0,1,0,1,0,4,5,3,4,3,4.48,3,5,4,2,3,4,2,4,3.06,3,1,4,2,3,3,2,3,1,2.8,4,1,4,1,4,58
R0401,IPV,F,18,1,BSc,STEM,3,4,1,1,0,0,1,0,0,1,6,7,6,7,6,5.73,5,7,4,4,6,5,4,4,4.72,4,5,4,3,4,6,3,3,2,3.97,2,3,2,3,3,57
R0402,IPV,M,25,2,BSc,STEM,4,3,0,0,1,0,0,1,1,0,4,7,4,2,2,3.85,2,4,3,4,5,2,4,3,3.84,1,4,4,3,3,3,6,5,5,4.44,3,5,5,5,5,93
R0403,IPP,M,20,1,MSc,STEM,4,4,0,0,1,0,1,1,0,0,5,4,6,3,4,3.57,7,7,7,7,7,7,7,7,7.0,7,5,5,7,4,6,5,7,7,6.15,2,3,2,2,1,37
R0404,UC,F,20,4,BSc,Health,3,4,1,0,0,0,1,1,0,0,1,2,3,2,1,1.83,7,7,7,5,6,6,6,6,6.31,6,7,7,7,7,7,6,7,6,6.91,3,5,4,3,4,77
R0405,IPC,M,20,3,BSc,Health,3,1,0,0,0,0,0,0,0,0,3,2,5,7,3,3.72,7,6,5,7,7,7,7,6,6.51,6,4,5,4,7,4,7,5,7,5.06,3,3,2,2,4,41
R0406,IPC,F,18,3,BSc,STEM,5,4,0,0,0,0,1,1,1,0,3,5,3,7,3,4.6,6,5,5,3,4,4,5,4,4.63,7,5,7,6,5,6,5,5,4,4.87,4,3,3,3,4,71
R0407,IPV,F,29,3,BSc,STEM,5,5,1,1,1,1,0,1,1,0,4,5,5,3,4,4.15,4,7,5,4,4,4,4,7,5.25,4,5,3,6,3,3,3,4,5,4.62,4,5,4,4,5,90
R0408,IPC,M,19,3,BSc,STEM,1,1,0,0,1,0,0,0,0,0,4,7,4,4,4,4.18,3,4,6,6,5,4,6,7,4.63,7,4,5,5,6,6,5,6,6,4.91,2,2,1,2,2,37
R0409,IPP,F,25,1,MSc,Health,4,4,0,1,1,0,1,0,0,0,3,3,3,2,1,2.81,6,5,5,4,7,6,6,6,4.61,4,4,4,4,3,5,4,5,5,3.86,3,3,1,2,0,49
R0410,UC,F,31,4,BSc,SocSci,4,1,0,0,0,0,0,0,0,0,7,5,3,4,6,5.19,7,7,7,7,6,6,5,7,6.72,7,6,5,6,7,7,5,6,5,5.59,4,5,3,4,3,53
R0411,IPC,F,20,1,BSc,STEM,1,1,0,0,0,0,0,0,0,0,1,1,1,1,1,1.04,6,7,6,7,7,7,6,7,6.88,5,6,5,7,7,7,6,7,7,6.54,1,3,1,2,4,65
R0412,UC,M,28,2,MSc,SocSci,5,5,1,1,1,0,1,0,0,0,3,2,2,2,2,2.25,5,5,7,6,5,4,7,4,5.16,3,4,3,3,6,5,3,3,5,4.24,3,4,3,3,5,73
R0413,IPP,F,20,1,MSc,STEM,5,2,0,0,0,0,1,0,0,0,4,5,6,2,4,4.25,3,5,4,6,6,4,4,5,4.96,2,1,6,3,4,2,1,2,4,2.65,3,5,3,3,2,49
R0414,UC,F,25,2,MSc,STEM,3,2,0,0,0,0,0,1,0,0,6,4,4,7,5,4.77,4,7,6,7,6,7,7,5,6.17,5,3,3,6,3,5,5,5,6,4.32,1,2,3,4,3,54
R0415,IPP,M,18,1,MSc,STEM,2,5,1,0,1,0,1,1,0,0,5,6,6,5,5,4.71,4,5,7,5,4,4,7,5,5.07,4,5,5,4,6,4,5,5,4,4.77,3,3,4,2,3,63
R0416,UC,F,20,3,BSc,Health,4,4,1,0,0,1,0,0,0,0,4,5,6,3,4,4.91,5,4,6,5,2,5,5,5,4.61,3,3,3,3,2,3,5,3,4,3.76,4,4,2,3,4,52
R0417,IPV,F,20,1,BSc,SocSci,3,4,1,1,0,0,1,0,0,0,6,5,7,5,5,4.64,2,2,2,4,3,4,4,2,3.22,6,5,3,5,4,5,3,2,3,3.81,0,0,0,0,1,6
R0418,UC,F,18,3,BSc,STEM,4,4,1,1,1,0,1,0,1,0,4,2,4,3,3,3.69,6,6,7,7,7,5,7,5,6.09,5,6,5,7,7,5,7,5,7,6.2,2,5,4,3,2,63
R0419,UC,F,25,2,MSc,SocSci,1,5,1,0,1,0,1,0,0,0,2,3,6,3,3,3.03,7,6,5,7,5,5,4,6,5.7,5,6,4,5,4,6,4,4,5,4.52,5,2,3,1,1,43
R0420,IPP,F,30,1,BSc,STEM,4,5,1,1,1,1,0,0,0,0,7,7,7,7,6,6.99,5,6,5,6,6,4,7,6,5.32,4,7,5,6,6,4,4,3,4,5.45,5,5,3,2,2,60
R0421,IPC,F,25,4,BSc,STEM,3,3,0,1,1,0,0,0,0,1,5,5,5,3,2,4.15,7,5,4,7,7,7,4,6,5.57,5,6,5,6,7,6,5,5,4,5.39,3,3,2,1,3,64
R0422,UC,M,26,2,BSc,STEM,5,4,1,0,1,0,0,1,0,0,5,5,6,4,6,4.05,1,4,3,4,2,3,6,5,4.51,4,4,6,6,6,5,5,7,4,4.84,0,2,3,2,2,42
R0423,IPP,F,25,2,MSc,STEM,4,5,1,1,0,1,0,0,1,1,6,3,4,4,5,4.09,4,1,3,2,4,3,3,3,2.97,4,5,3,4,4,5,5,4,6,4.13,3,2,2,4,3,39
R0424,UC,F,18,3,BSc,SocSci,3,4,1,0,0,0,0,0,0,0,6,5,5,4,5,4.56,5,5,5,7,4,6,5,6,5.16,1,3,5,5,2,4,6,4,2,2.95,4,4,4,4,2,64
R0425,UC,F,25,1,BSc,STEM,3,5,1,0,1,0,0,1,1,1,6,3,3,5,4,3.64,6,6,7,7,5,7,7,7,6.71,5,6,6,6,6,7,7,7,7,6.75,5,5,3,5,3,97
R0426,UC,M,19,4,MSc,Health,3,3,0,1,0,0,0,0,0,0,3,3,2,3,2,2.95,4,4,2,6,4,6,3,6,4.62,3,6,6,4,4,3,4,4,2,4.01,1,3,1,2,4,45
R0427,IPC,F,30,1,BSc,SocSci,3,2,0,0,1,0,0,0,0,1,4,4,4,4,7,3.5,6,7,7,7,6,7,7,4,6.47,6,5,7,5,7,4,5,6,6,5.53,5,5,4,5,4,98
R0428,IPV,M,20,3,BSc,STEM,2,2,1,0,0,1,1,0,0,0,4,4,5,6,4,4.62,3,3,3,3,4,3,4,3,3.26,2,1,1,1,3,2,4,1,4,2.09,3,3,1,0,2,11
R0429,UC,M,28,1,MSc,STEM,3,5,1,1,1,0,1,1,1,0,5,7,4,5,4,5.21,5,7,6,6,5,7,6,5,6.03,5,6,4,4,5,6,5,5,5,4.69,4,3,2,3,3,73
R0430,UC,M,18,1,BSc,STEM,2,5,1,1,1,1,1,1,0,0,5,2,3,4,3,3.13,3,2,3,5,6,3,3,4,3.94,4,3,4,6,5,3,5,4,6,4.82,2,0,1,2,1,33
R0431,IPC,F,19,1,BSc,STEM,2,4,0,1,0,0,0,0,1,0,3,3,4,3,3,3.47,6,7,6,7,7,7,7,7,7.0,4,3,4,5,4,3,3,3,5,3.55,4,4,4,3,3,70
R0432,IPP,F,25,3,BSc,Health,4,4,1,1,1,1,0,0,0,0,5,5,3,5,3,4.31,5,3,5,6,4,4,4,6,4.81,5,4,5,6,5,6,4,6,5,4.7,2,4,3,3,2,65
R0433,IPP,F,20,3,BSc,STEM,2,4,1,1,1,1,1,1,1,0,5,4,3,4,7,5.39,4,5,3,5,4,3,5,4,3.89,3,3,3,2,3,4,4,6,5,4.06,5,2,4,2,3,66
R0434,IPV,M,18,2,MSc,STEM,3,4,1,0,0,1,0,0,0,0,1,1,2,3,2,2.23,5,2,5,4,4,3,3,4,3.67,5,4,4,5,4,6,4,4,4,4.75,4,4,1,4,2,57
R0435,IPV,M,25,2,MSc,STEM,2,4,0,1,0,0,0,0,0,0,3,3,5,3,4,3.26,7,6,7,6,4,5,6,7,6.1,4,7,4,5,4,4,5,3,7,4.46,4,3,3,4,3,79
R0436,UC,F,20,4,BSc,Health,4,4,0,1,0,1,1,0,1,0,2,2,6,4,1,3.28,7,5,5,6,4,6,6,6,5.86,4,5,4,4,4,4,3,3,4,3.59,3,1,1,2,2,35
R0437,IPV,F,20,1,MSc,STEM,2,5,1,1,1,0,1,0,1,1,7,2,4,5,4,4.53,5,4,7,2,4,4,6,3,4.21,4,4,6,4,5,5,5,4,6,4.25,1,2,2,3,1,31
R0438,IPV,F,25,1,BSc,STEM,2,4,1,1,0,0,1,0,0,0,4,4,6,4,3,3.7,7,6,7,7,7,7,6,7,7.0,7,7,6,6,7,7,7,7,7,7.0,3,2,2,2,1,37
R0439,UC,F,18,4,BSc,Health,1,5,0,1,0,0,1,0,0,0,6,6,4,5,6,5.01,5,6,7,5,5,6,7,6,5.56,5,3,4,5,4,4,5,6,4,4.62,1,2,2,2,1,34
R0440,IPC,M,25,5,MSc,STEM,3,5,1,1,1,1,1,1,0,0,3,5,5,5,4,2.82,6,5,5,6,3,5,5,4,4.78,5,4,4,3,5,5,1,3,4,4.43,4,3,3,5,3,68
R0441,IPC,M,29,2,MSc,STEM,2,5,1,0,1,1,1,0,1,0,6,5,6,5,6,5.44,4,4,3,5,3,3,3,2,3.84,1,1,1,2,1,3,3,2,2,1.63,1,2,1,0,1,22
R0442,IPP,M,18,4,BSc,STEM,3,4,0,1,1,1,0,0,0,0,5,7,3,5,7,4.44,4,4,3,4,3,3,4,2,3.24,4,3,4,4,4,3,4,2,3,3.45,1,1,4,2,0,15
R0443,IPV,F,26,3,BSc,Arts,1,4,0,1,1,1,1,1,0,0,5,4,3,4,3,3.28,4,7,4,5,5,6,5,6,4.3,5,4,5,3,3,4,4,4,3,4.43,3,3,2,2,2,34
R0444,IPV,M,20,2,BSc,STEM,2,4,0,0,1,1,0,0,0,1,3,7,3,3,2,4.58,2,4,1,2,2,2,2,3,2.31,1,2,2,3,4,2,3,2,3,2.47,2,2,2,2,2,50
R0445,UC,M,20,3,BSc,STEM,3,4,1,1,1,1,1,0,0,0,3,2,3,1,2,2.63,3,3,7,3,6,7,6,4,4.87,5,5,6,6,5,6,5,4,4,5.18,2,3,0,4,3,53
R0446,IPC,F,25,1,MSc,SocSci,3,3,1,0,0,0,1,0,0,0,4,3,4,2,4,3.44,4,5,4,4,3,4,4,4,4.26,3,5,7,7,7,6,3,7,5,5.91,2,2,2,1,2,47
R0447,UC,M,20,4,BSc,Health,3,5,1,1,1,0,0,0,1,1,2,4,4,4,7,4.86,4,6,7,4,5,5,6,7,5.22,3,6,6,3,6,4,5,3,5,4.1,2,2,2,2,1,34
R0448,UC,F,25,1,BSc,Arts,4,2,0,0,0,0,0,0,0,0,3,3,3,2,4,2.45,4,6,7,4,5,5,6,6,4.78,3,1,3,2,2,2,1,3,3,2.69,1,2,3,4,2,68
R0449,IPP,M,18,2,MSc,STEM,3,5,1,1,0,0,1,0,1,0,4,2,4,6,6,4.36,6,5,5,5,6,5,4,4,4.46,5,2,6,5,5,4,4,6,5,4.97,5,5,4,4,3,84
R0450,IPC,F,25,1,BSc,Health,4,4,0,1,0,0,1,0,1,0,4,3,7,6,7,5.88,4,3,3,5,5,4,6,4,4.36,3,2,1,5,3,4,5,4,2,3.2,1,1,2,2,1,32
R0451,IPP,M,20,4,MSc,Health,3,3,0,0,1,1,1,0,0,0,6,6,5,7,5,6.47,5,4,5,3,4,5,4,5,4.59,3,4,6,5,4,5,4,3,4,4.68,4,2,3,2,2,35
R0452,IPC,M,25,3,BSc,STEM,2,5,1,1,1,0,0,1,0,0,6,4,6,6,7,4.5,7,7,6,7,6,6,7,7,6.0,3,2,3,3,4,4,5,4,2,3.29,2,0,2,2,3,31
R0453,IPC,M,28,4,BSc,Health,3,5,1,0,1,1,1,1,0,1,7,7,4,7,7,6.34,4,5,5,3,2,3,5,1,3.75,5,4,4,3,4,2,2,5,3,3.02,2,1,0,2,1,25
R0454,IPC,M,26,1,BSc,Health,5,4,0,1,0,0,1,0,1,0,5,6,4,5,5,4.38,5,5,6,5,6,7,6,7,5.95,5,7,5,7,5,6,6,5,6,6.34,3,4,4,4,3,81
R0455,UC,F,20,2,BSc,SocSci,2,4,1,1,0,0,0,0,1,1,3,4,3,5,4,3.54,4,4,3,5,4,1,3,6,4.22,5,4,6,4,5,6,5,6,6,5.18,4,4,3,3,4,78
R0456,IPP,F,25,1,Other,Arts,4,4,0,1,1,0,0,1,0,0,7,5,7,7,7,6.72,3,2,2,1,4,5,2,3,2.87,2,3,4,3,2,1,2,2,2,1.66,3,1,2,2,3,40
R0457,IPP,F,27,3,BSc,SocSci,1,2,0,1,1,1,0,0,0,0,4,4,7,4,4,3.63,7,6,7,7,7,7,7,7,6.65,4,4,6,4,7,4,4,4,4,5.0,4,3,2,5,4,75
R0458,IPP,F,25,2,MSc,SocSci,2,5,1,1,0,1,0,0,1,0,4,2,4,4,4,3.86,7,6,3,5,6,6,5,5,5.54,6,4,5,5,7,4,5,4,4,4.62,1,4,2,2,3,54
R0459,IPC,F,19,1,BSc,Health,2,5,1,0,1,0,0,0,0,0,5,5,4,7,6,5.39,6,6,6,4,5,4,5,5,5.52,3,3,6,4,4,4,4,3,6,4.35,2,0,3,1,4,48
R0460,IPV,M,18,2,MSc,SocSci,1,4,0,0,1,1,1,0,0,0,4,2,2,5,4,2.8,6,6,7,4,6,7,6,7,5.56,7,5,5,4,5,2,5,4,3,4.1,3,5,5,4,4,76
R0461,UC,F,25,2,BSc,SocSci,2,5,1,0,1,0,0,0,0,0,5,5,3,6,6,4.77,5,5,7,7,5,4,6,5,6.01,4,2,3,5,5,7,3,6,5,3.98,5,2,5,2,2,68
R0462,IPP,F,20,1,MSc,STEM,3,5,1,0,0,0,1,1,0,0,4,7,5,4,5,4.84,7,6,5,7,4,5,4,6,5.76,7,7,6,7,7,6,6,6,6,6.79,3,2,2,5,4,62
R0463,IPV,M,27,4,MSc,Health,3,2,1,0,0,0,1,0,1,0,1,1,1,2,2,1.0,5,4,5,5,7,5,6,4,5.29,4,5,5,7,5,6,6,6,6,5.29,1,2,3,4,3,65
R0464,UC,F,25,4,BSc,STEM,3,4,0,1,1,0,0,0,1,0,2,3,2,1,1,1.6,6,6,6,7,6,5,7,5,5.7,6,4,3,6,4,6,5,5,5,5.16,4,5,5,4,3,70
R0465,IPC,M,18,3,BSc,STEM,4,5,1,1,0,0,1,1,1,1,5,4,4,3,2,4.29,4,6,5,4,4,5,4,7,5.18,6,7,7,7,7,7,6,7,7,6.96,3,4,3,4,4,65
R0466,UC,F,26,2,BSc,STEM,3,4,1,1,0,1,1,0,0,1,5,5,5,4,7,5.16,3,5,6,4,6,6,5,4,4.55,6,6,4,3,4,4,2,5,3,4.56,3,3,3,3,3,58
R0467,UC,M,20,1,MSc,SocSci,3,5,1,1,1,0,0,1,1,0,2,4,2,4,5,3.67,6,6,5,3,5,2,3,5,4.83,2,5,4,2,4,2,4,5,3,3.46,2,4,1,1,3,52
R0468,IPV,F,20,1,BSc,SocSci,3,5,1,1,1,1,0,1,0,1,6,7,5,6,5,5.32,7,5,4,7,6,7,7,7,7.0,7,5,6,4,5,6,6,7,5,5.96,4,3,3,3,3,66
R0469,IPP,M,18,2,MSc,STEM,1,5,1,0,1,1,0,1,1,0,2,4,4,5,5,3.68,6,7,6,6,5,6,7,6,6.27,5,6,6,6,6,5,5,6,7,5.92,2,1,2,3,2,38
R0470,IPC,M,20,4,BSc,SocSci,4,5,1,0,0,1,0,1,1,0,3,4,5,2,3,2.25,4,5,5,7,7,5,3,5,4.49,5,4,4,4,5,5,7,6,6,4.89,4,4,3,3,3,61
R0471,IPP,F,25,1,MSc,STEM,2,5,1,0,1,1,0,0,0,0,7,5,7,7,7,7.0,6,6,5,6,6,4,6,7,4.71,1,3,4,3,4,3,1,3,2,2.87,2,3,2,2,4,32
R0472,IPV,F,26,2,BSc,Health,3,2,0,0,1,0,0,0,0,0,7,6,6,5,5,5.63,7,4,5,5,6,6,4,4,4.47,4,3,6,4,5,3,4,6,3,4.27,2,2,2,1,1,38
R0473,UC,F,25,2,BSc,STEM,4,5,1,1,1,0,0,1,0,0,7,7,7,6,7,7.0,3,3,2,3,2,2,6,1,2.92,3,2,1,1,1,2,1,1,1,1.31,0,2,1,2,2,13
R0474,IPC,M,18,4,BSc,STEM,5,4,0,1,1,0,1,0,0,0,5,5,4,5,6,4.65,3,5,4,4,3,4,2,4,4.3,3,4,3,2,3,4,4,4,4,3.52,2,3,1,2,2,55
R0475,IPC,F,25,2,BSc,STEM,2,4,1,1,0,1,0,0,0,0,6,3,4,3,5,3.94,4,4,4,6,5,5,5,6,5.54,1,5,5,4,5,3,5,6,6,4.21,5,5,5,3,4,97
R0476,IPP,F,20,3,BSc,SocSci,3,5,1,0,1,1,0,0,1,0,3,3,2,3,3,3.64,4,7,6,6,3,4,5,4,5.24,4,5,5,5,5,4,4,4,5,4.3,2,2,1,3,1,27
R0477,IPC,F,27,4,BSc,STEM,4,5,1,0,0,0,1,0,1,1,6,4,7,7,7,6.31,6,4,5,6,4,7,7,6,5.21,4,4,3,4,4,5,5,4,3,3.99,1,1,2,0,1,25
R0478,UC,F,28,3,BSc,SocSci,4,3,0,0,0,0,0,0,0,0,5,3,6,4,4,4.09,5,5,4,4,3,1,5,4,4.18,5,4,4,5,3,4,2,4,3,4.09,3,2,1,2,1,39
R0479,IPC,M,20,3,BSc,STEM,3,4,0,1,0,0,1,1,1,0,7,5,7,6,5,6.04,6,5,7,4,7,7,6,6,5.98,5,4,6,7,4,3,6,5,6,5.16,4,4,2,3,1,66
R0480,IPV,F,18,1,MSc,SocSci,2,5,0,1,1,1,0,0,0,0,3,3,4,1,4,3.46,7,6,6,7,6,7,6,6,6.23,5,6,6,7,3,5,7,7,6,6.11,4,4,3,2,2,61
R0481,IPP,F,26,1,BSc,STEM,3,4,1,0,0,0,0,0,0,0,5,6,4,5,6,4.92,2,4,5,4,4,4,4,2,3.81,1,4,2,5,4,2,3,4,2,2.75,3,2,2,3,2,57
R0482,UC,M,25,1,BSc,STEM,3,5,1,1,1,0,1,1,0,0,5,4,4,3,4,4.18,5,4,4,5,5,4,3,4,4.22,6,4,4,4,6,7,6,6,6,5.42,4,3,3,3,4,74
R0483,UC,M,20,1,MSc,Arts,2,2,0,1,0,0,0,0,0,0,3,3,4,2,4,2.49,5,7,7,7,7,6,5,7,6.93,7,7,6,7,7,7,7,7,6,6.6,3,4,4,4,5,84
R0484,IPV,F,19,3,BSc,STEM,3,2,0,0,0,0,0,0,0,0,3,1,1,2,1,1.89,7,7,6,7,7,6,5,7,7.0,3,6,6,5,4,5,6,7,4,4.85,5,5,5,4,5,96
R0485,UC,M,26,1,MSc,STEM,1,4,0,0,1,0,0,0,0,1,3,3,5,3,3,3.57,4,5,5,4,1,1,3,5,3.16,4,5,5,4,4,4,5,4,3,4.13,2,1,2,2,3,50
R0486,UC,M,28,4,BSc,STEM,2,5,0,1,1,0,1,0,0,0,5,5,4,4,4,4.66,5,3,4,2,4,3,4,5,3.45,2,1,1,1,1,2,1,2,1,1.29,2,5,4,5,3,70
R0487,UC,M,25,2,BSc,Health,2,3,0,0,0,1,0,0,0,0,1,1,1,2,1,2.18,6,5,5,7,5,7,7,6,5.64,7,7,7,5,6,6,6,7,5,5.92,4,3,5,3,2,74
R0488,IPV,M,20,3,MSc,STEM,2,4,1,1,0,0,1,0,1,1,7,5,4,5,7,5.3,4,3,5,5,4,2,5,3,3.89,3,3,3,3,4,3,4,2,5,3.48,3,1,1,2,2,33
R0489,IPC,F,20,3,MSc,Health,3,2,1,0,0,0,0,0,0,0,3,3,4,4,2,2.51,7,7,7,7,7,7,7,7,7.0,6,6,5,4,3,5,6,4,5,4.99,5,4,4,4,3,94
R0490,IPC,F,28,2,BSc,STEM,2,4,1,0,1,0,1,0,0,0,4,3,3,3,4,3.76,6,4,3,4,6,3,5,4,4.65,7,7,6,6,7,3,4,5,7,6.01,4,3,3,4,2,49
R0491,IPV,M,20,3,BSc,SocSci,3,4,1,1,0,0,1,1,1,1,5,7,7,4,5,6.3,7,6,7,7,6,5,7,5,6.89,7,5,6,5,7,6,6,5,5,5.68,5,5,5,4,4,97
R0492,UC,M,18,2,BSc,Arts,3,4,1,0,0,1,0,0,1,0,2,2,4,3,2,3.88,3,3,4,4,2,3,3,3,3.21,6,4,6,5,5,5,5,7,6,4.62,1,1,3,2,3,47
R0493,IPC,M,18,3,BSc,Arts,3,4,1,1,0,0,1,1,0,0,1,2,3,4,3,3.12,5,6,5,6,5,5,7,5,5.44,6,5,5,2,4,5,6,4,4,4.43,3,3,3,5,5,58
R0494,IPC,F,19,1,BSc,STEM,4,5,0,1,1,0,1,0,0,1,4,6,5,5,6,5.31,5,4,5,6,3,5,4,6,5.46,4,5,5,5,6,5,5,7,5,4.79,3,1,2,4,3,58
R0495,IPP,F,18,3,BSc,SocSci,3,4,1,0,1,1,0,0,0,0,5,6,5,4,5,4.26,5,5,5,4,6,4,4,4,4.63,7,7,6,7,5,7,6,7,6,6.54,3,3,3,4,3,61
R0496,IPC,M,32,5,MSc,STEM,3,2,1,1,0,0,0,0,0,0,6,5,7,7,6,6.18,3,2,2,3,4,4,3,3,2.96,3,2,2,2,1,4,3,2,3,2.9,2,3,2,1,1,47
R0497,IPV,M,20,2,BSc,SocSci,3,5,0,0,1,1,0,1,1,0,4,5,6,6,6,5.43,5,5,4,4,4,5,7,5,4.58,5,5,3,4,3,4,5,4,4,4.38,1,2,2,2,1,37
R0498,UC,M,25,4,BSc,Health,3,5,1,1,1,0,0,1,0,0,1,1,1,3,3,2.32,3,6,4,5,6,6,3,5,4.8,3,4,3,4,2,3,5,4,4,3.91,2,5,2,2,2,45
R0499,IPC,F,20,1,BSc,Health,3,2,1,0,0,0,1,0,0,0,4,2,4,3,5,3.68,4,3,4,4,4,3,4,2,4.15,5,6,5,6,4,4,5,5,4,4.57,3,3,5,5,1,65
R0500,IPV,F,25,4,BSc,Health,4,5,1,1,1,0,1,1,1,0,3,6,4,4,4,4.57,5,6,5,6,7,7,7,4,5.8,3,5,2,5,4,5,6,4,6,4.8,2,3,3,2,4,53
R0501,IPC,M,19,3,MSc,Health,3,4,1,1,1,0,0,0,0,0,4,6,5,4,6,4.72,4,5,5,5,5,5,4,4,4.56,3,3,2,4,4,4,4,3,3,2.84,4,3,2,3,3,63
R0502,UC,F,20,1,BSc,SocSci,2,5,0,1,1,1,0,0,0,0,4,3,5,3,2,3.3,7,6,6,6,7,7,7,7,6.68,5,6,5,6,6,6,6,4,6,5.24,5,4,5,2,5,90
R0503,IPP,F,18,4,MSc,Health,4,5,1,1,0,1,0,1,1,0,5,5,2,3,4,3.35,6,6,5,5,7,6,5,7,6.04,6,6,6,4,3,5,5,5,5,4.74,4,3,3,5,3,78
R0504,IPV,F,26,2,BSc,STEM,3,3,1,0,0,0,0,0,0,1,5,5,5,4,4,4.2,3,4,4,4,7,2,2,5,4.44,4,3,5,4,5,4,4,3,3,3.79,5,5,5,3,5,77
R0505,IPV,F,28,2,MSc,STEM,3,5,1,1,1,1,1,0,1,0,5,2,4,5,4,4.53,1,1,1,2,3,1,1,2,1.96,2,4,4,3,4,3,2,4,2,3.59,1,1,0,1,1,9
R0506,IPV,M,20,3,BSc,Arts,3,5,1,0,1,0,1,0,1,0,6,7,5,7,7,5.82,5,5,5,3,2,3,6,3,4.22,5,6,4,5,6,5,4,4,5,4.99,1,2,2,2,3,43
R0507,IPC,F,31,2,BSc,STEM,4,2,0,1,1,0,0,0,0,0,6,7,6,4,4,5.71,2,2,3,6,4,1,2,1,2.96,2,4,2,3,1,2,3,2,5,2.93,3,1,1,2,2,31
R0508,IPC,F,33,3,MSc,STEM,2,3,1,1,1,0,0,0,0,0,5,6,4,3,6,5.32,3,4,2,3,3,2,2,3,3.1,2,2,2,2,3,3,3,2,1,2.6,2,2,3,4,2,44
R0509,IPC,F,19,5,BSc,Health,4,5,1,0,1,1,0,1,0,1,3,7,6,5,5,5.28,4,3,3,4,1,2,1,2,3.52,5,5,7,5,4,7,6,7,6,5.6,1,2,3,2,2,46
R0510,IPC,M,18,2,BSc,SocSci,3,5,1,1,1,1,0,0,1,0,7,6,7,6,4,5.95,4,4,5,5,5,6,6,5,5.62,5,6,5,4,3,2,4,5,5,4.46,2,2,3,2,2,35
R0511,IPC,M,20,2,BSc,STEM,3,4,0,1,0,1,0,0,1,1,2,3,2,3,2,3.37,6,7,7,7,6,7,5,6,6.22,5,6,6,7,5,5,6,6,6,5.52,3,2,4,3,3,66
R0512,IPP,M,20,1,BSc,Health,3,4,0,1,0,1,0,0,0,0,6,5,4,4,5,4.7,6,5,7,6,4,5,5,5,5.12,4,3,2,2,4,4,3,3,5,3.31,2,1,0,0,1,20
R0513,IPP,F,18,3,MSc,STEM,3,4,0,1,0,0,1,0,0,0,2,4,4,2,2,2.91,6,7,5,7,7,7,5,6,6.58,3,1,3,3,5,2,4,3,3,3.67,4,5,3,5,5,85
R0514,IPC,M,20,1,BSc,STEM,5,5,1,0,1,1,0,0,0,1,3,5,5,6,5,5.56,6,7,7,7,7,7,4,6,5.95,4,6,3,6,3,6,7,6,4,4.69,4,3,2,5,3,70
R0515,IPP,F,25,2,BSc,Health,4,3,0,0,1,0,0,1,1,0,5,4,4,6,6,5.56,3,5,4,4,4,4,5,4,4.52,4,6,3,5,4,3,4,2,5,3.83,4,4,3,3,4,73
R0516,IPV,F,30,4,BSc,SocSci,4,5,0,1,1,0,0,0,1,0,3,3,1,2,1,2.26,4,7,5,7,5,7,5,5,6.62,5,7,6,6,7,7,7,5,5,6.28,5,2,5,4,5,91
R0517,IPP,M,20,2,MSc,STEM,2,4,0,1,0,1,0,0,1,1,1,4,6,5,3,3.88,4,5,3,3,5,3,3,2,3.96,5,3,4,5,5,6,6,5,5,4.9,1,4,2,2,3,43
R0518,UC,M,26,1,MSc,STEM,5,4,1,1,1,1,0,0,0,1,3,3,1,2,1,2.35,3,5,5,4,4,3,4,5,4.51,5,5,6,4,4,5,4,6,5,4.83,3,4,4,3,4,70
R0519,IPC,F,18,1,BSc,SocSci,4,4,1,0,1,0,0,0,0,0,4,3,4,2,5,3.8,5,6,4,4,5,5,6,5,4.72,5,3,5,5,4,5,4,6,4,4.38,3,4,2,4,4,70
R0520,IPP,F,18,1,BSc,SocSci,3,1,0,0,0,0,0,0,0,0,4,4,4,4,4,3.23,5,5,7,5,6,4,4,4,4.48,5,5,5,5,6,7,5,7,6,5.39,2,4,3,3,3,73
R0521,UC,F,18,1,BSc,Health,3,5,0,1,1,0,0,0,0,0,6,7,7,5,7,5.88,5,4,6,7,5,6,6,5,5.32,4,4,4,7,5,6,3,7,5,4.89,0,2,1,1,2,39
R0522,IPC,F,19,1,BSc,STEM,2,5,1,1,1,1,0,1,1,0,5,3,4,4,3,3.93,5,6,4,4,4,5,5,5,5.11,4,6,6,6,5,6,7,6,6,5.68,5,3,5,5,4,90
R0523,UC,M,18,3,BSc,SocSci,3,5,1,0,1,0,0,0,0,0,1,4,2,4,2,3.35,4,3,3,5,4,3,4,4,4.05,5,2,6,4,3,2,3,3,4,3.96,2,3,0,1,1,49
R0524,IPP,F,20,2,BSc,SocSci,2,4,0,0,1,1,0,1,0,0,1,4,2,3,3,2.88,4,4,6,5,5,6,5,5,4.86,4,5,3,7,6,7,6,6,5,5.2,4,3,2,2,3,50
R0525,UC,F,25,2,MSc,SocSci,2,4,1,1,1,1,0,1,0,0,2,5,5,4,5,3.95,5,5,4,6,6,6,6,6,5.1,4,4,5,4,5,5,4,4,5,4.63,3,5,4,3,4,70
R0526,IPP,M,19,3,BSc,STEM,4,4,1,1,0,1,1,0,1,0,3,3,3,3,1,2.74,6,6,6,4,7,7,6,6,6.07,6,5,6,5,4,7,5,7,7,5.95,4,5,4,2,4,79
R0527,UC,F,25,1,BSc,SocSci,3,4,1,0,0,0,0,0,0,0,4,2,2,1,1,2.25,2,5,4,5,5,6,5,4,4.49,5,5,6,5,5,4,5,5,5,5.34,5,3,4,3,2,62
R0528,UC,F,25,1,BSc,SocSci,3,4,1,0,0,0,0,0,0,0,7,6,4,6,6,5.16,4,4,6,3,7,4,2,5,4.63,5,4,5,6,3,4,6,5,5,4.97,1,2,2,2,3,43
R0529,IPP,F,20,2,BSc,Arts,3,2,0,0,0,0,0,0,0,0,2,1,1,1,2,1.8,5,6,6,4,4,3,5,5,4.75,3,5,5,3,4,4,6,4,2,4.46,3,2,2,3,3,51
R0530,IPV,M,20,4,BSc,STEM,3,3,1,0,0,0,1,0,0,0,5,7,5,3,7,5.44,4,3,4,4,7,6,4,4,4.98,5,6,7,4,4,4,7,5,5,5.14,4,4,2,2,2,54
R0531,UC,F,20,2,BSc,SocSci,2,2,0,0,1,0,1,0,0,0,3,4,4,4,5,3.59,5,6,5,4,4,6,4,4,5.77,5,6,6,5,5,5,4,5,5,4.8,4,3,5,4,3,61
R0532,IPP,M,20,1,BSc,SocSci,4,4,1,0,1,0,0,0,1,1,4,1,5,1,3,2.73,5,5,6,6,6,6,6,7,5.98,6,5,5,3,2,4,6,5,7,4.48,2,3,3,2,4,62
R0533,UC,F,25,3,BSc,STEM,3,4,1,1,0,1,0,1,1,0,2,3,1,4,4,2.94,6,4,3,5,4,6,4,5,5.14,3,5,6,4,6,3,5,5,6,4.63,3,3,4,3,2,74
R0534,IPV,M,31,1,BSc,Health,4,4,1,0,1,1,0,1,1,0,5,5,3,4,4,3.78,4,5,5,5,6,6,5,4,5.22,6,7,6,5,5,6,5,4,6,5.61,3,3,2,4,4,61
R0535,IPC,F,31,4,BSc,Health,2,4,0,1,0,0,1,0,0,0,1,1,4,4,3,2.21,7,6,5,5,5,6,5,5,5.89,4,3,5,7,4,4,5,5,6,4.18,4,5,4,3,3,73
R0536,UC,F,20,1,BSc,STEM,3,1,0,0,0,0,0,0,0,0,3,2,2,3,1,2.71,5,6,5,4,6,6,6,5,5.88,7,6,4,4,4,4,3,7,3,4.94,3,2,2,3,2,45
R0537,UC,F,20,3,MSc,STEM,3,2,1,0,1,0,0,0,0,0,5,3,7,6,5,4.94,4,4,5,7,5,4,6,5,4.91,3,4,1,3,3,4,3,4,2,2.82,2,3,2,2,2,49
R0538,IPV,F,25,2,BSc,SocSci,4,4,1,0,1,0,0,0,0,1,2,3,4,4,4,3.54,6,7,4,5,3,7,6,6,5.86,6,4,5,4,4,7,4,4,6,4.68,1,1,3,3,1,55
R0539,IPP,M,20,1,MSc,SocSci,5,3,0,0,0,1,1,1,0,1,6,3,2,2,2,2.21,4,5,7,4,6,6,5,5,5.87,1,4,4,5,5,6,5,6,4,4.33,5,5,5,5,4,94
R0540,IPC,F,18,1,MSc,STEM,3,4,0,0,1,0,1,1,0,0,2,4,3,4,3,3.12,7,7,6,7,7,6,7,7,6.63,5,4,7,4,5,6,4,7,4,5.18,3,2,2,2,2,37
R0541,IPV,M,20,2,BSc,STEM,2,4,1,0,1,1,0,1,0,1,3,4,5,3,5,4.51,4,5,4,5,4,5,3,4,4.15,4,4,2,5,3,4,3,3,4,2.78,2,2,3,1,2,28
R0542,UC,F,18,3,MSc,STEM,3,2,0,1,0,0,0,0,0,0,4,1,2,1,2,1.0,6,6,6,6,6,7,5,5,5.12,5,5,4,2,4,7,7,6,3,4.31,3,3,3,2,2,59
R0543,IPV,F,25,2,BSc,SocSci,4,5,0,1,0,0,0,1,0,1,7,7,7,7,7,7.0,3,1,2,5,1,2,1,2,2.66,3,4,3,5,3,4,4,4,2,3.48,3,2,2,3,0,44
R0544,UC,F,25,1,BSc,STEM,3,1,0,0,0,0,0,0,0,0,3,5,4,4,3,3.2,5,3,4,5,3,4,6,3,4.12,5,5,4,4,4,4,6,5,6,4.4,5,5,4,3,4,85
R0545,IPP,F,25,2,BSc,STEM,1,3,1,0,1,0,0,0,0,0,4,4,6,4,5,3.58,5,7,7,7,7,6,6,7,6.18,5,5,7,7,6,6,5,7,4,5.69,3,3,3,4,3,65
R0546,IPP,M,26,4,BSc,STEM,4,4,0,0,0,0,0,0,0,0,7,4,4,4,5,5.12,5,5,7,5,7,5,6,6,5.52,5,4,5,4,6,3,5,4,5,5.2,2,2,2,1,3,44
R0547,UC,M,18,1,BSc,STEM,4,5,1,1,1,1,0,0,0,0,1,3,3,3,5,3.37,3,5,5,2,5,4,4,7,4.9,3,4,3,3,3,4,4,4,4,3.85,2,2,4,3,1,59
R0548,IPC,F,20,1,BSc,STEM,4,5,1,1,0,1,1,1,0,1,5,5,4,4,4,3.48,6,7,4,5,4,6,5,3,5.13,4,4,3,4,4,4,5,4,4,3.63,2,5,4,1,4,62
R0549,IPV,F,18,4,BSc,Arts,4,5,1,1,0,0,1,0,0,0,6,6,7,7,6,6.36,4,4,3,4,3,3,3,2,2.11,2,4,3,4,3,3,1,2,4,2.55,2,0,2,2,1,25
R0550,IPP,F,20,2,BSc,Health,2,2,0,0,0,0,0,0,0,0,3,3,4,4,3,2.84,7,7,7,5,7,5,7,5,6.13,3,4,3,4,3,5,6,4,6,4.43,3,5,4,3,4,83
R0551,IPV,F,20,2,BSc,STEM,2,4,1,1,1,1,0,0,0,0,4,4,2,3,2,3.17,7,6,5,5,7,7,5,6,6.1,3,1,4,5,3,3,4,3,2,3.3,3,4,3,3,3,54
R0552,IPC,F,25,1,BSc,Health,3,2,0,0,0,0,0,0,0,0,1,4,3,2,4,2.75,7,5,5,6,5,7,5,7,5.46,3,4,5,6,4,5,7,4,7,5.7,2,2,2,1,2,42
R0553,IPV,F,25,2,BSc,SocSci,5,5,1,1,0,0,1,0,0,0,1,2,4,4,1,2.43,7,7,4,6,7,5,6,3,5.65,4,4,3,3,4,4,4,2,4,4.19,3,5,4,5,5,79
R0554,IPP,F,19,1,MSc,Health,4,4,0,0,0,0,1,1,0,0,2,5,3,4,3,2.62,4,7,4,7,4,7,5,6,5.55,6,6,5,4,5,6,7,6,7,5.85,5,4,5,5,5,97
R0555,IPV,M,20,2,BSc,STEM,3,5,1,1,1,1,1,1,1,1,4,7,6,4,5,5.19,5,3,3,5,1,5,5,5,3.96,3,1,3,4,1,3,1,1,2,2.47,2,2,2,3,1,49
R0556,UC,F,18,1,BSc,SocSci,5,4,1,1,1,1,1,1,0,1,3,3,5,4,2,4.38,3,7,7,6,6,5,6,5,5.58,5,4,3,4,7,4,4,2,7,4.2,4,3,4,5,5,81
R0557,IPV,F,18,1,MSc,STEM,3,4,1,0,1,0,0,0,1,0,3,5,5,6,6,5.27,6,7,5,7,7,7,5,7,6.28,4,5,4,4,4,4,4,4,5,4.9,2,4,4,4,3,64
R0558,IPV,M,18,5,BSc,Health,4,5,1,1,0,1,1,1,0,0,6,6,7,5,5,5.7,4,3,5,4,4,4,4,4,4.1,6,4,4,4,7,4,7,6,5,5.14,1,3,2,0,3,39
R0559,UC,M,26,1,MSc,Health,2,4,1,1,1,1,1,0,1,0,4,2,2,4,2,3.22,3,6,5,7,6,7,6,5,5.03,5,6,5,5,5,5,3,6,6,5.18,3,4,2,3,4,74
R0560,UC,F,18,4,BSc,STEM,2,3,0,0,0,0,0,0,0,0,4,4,6,3,2,4.51,4,4,5,5,6,5,6,5,4.78,6,4,2,2,5,2,3,5,2,2.82,2,2,1,1,3,44
R0561,IPV,M,20,1,BSc,Health,3,5,1,1,0,0,1,1,1,0,5,4,2,2,6,3.65,6,5,6,5,4,7,5,7,5.65,3,1,2,4,3,4,4,5,4,3.57,1,2,3,2,2,43
R0562,IPC,M,25,2,MSc,STEM,4,4,1,1,1,0,1,1,1,0,2,6,3,2,3,3.26,5,2,3,2,5,4,4,1,3.29,3,5,2,3,3,3,2,3,3,2.71,5,4,4,3,5,85
R0563,UC,F,19,1,BSc,SocSci,3,1,0,0,0,0,0,0,0,0,3,3,3,4,4,4.31,4,4,4,6,4,7,4,5,5.23,6,3,6,4,3,4,7,4,6,4.78,3,5,3,3,4,72
R0564,IPC,M,18,1,BSc,Arts,4,4,1,1,0,0,0,1,0,0,1,2,2,1,2,2.49,7,5,3,5,6,5,7,7,5.48,5,3,7,4,5,5,5,5,4,4.69,4,5,5,5,5,97
R0565,UC,M,19,1,MSc,Arts,2,4,1,1,1,0,0,1,1,0,4,4,1,4,6,3.32,6,6,7,4,7,7,7,7,6.37,5,5,6,4,5,6,5,5,7,5.58,1,1,2,2,3,35
R0566,IPC,M,19,4,MSc,STEM,5,4,1,1,0,1,0,0,0,0,7,5,6,6,7,5.27,4,2,5,4,4,4,5,3,4.09,2,1,1,3,2,2,1,4,2,2.12,2,3,1,3,2,38
R0567,IPP,M,26,2,MSc,STEM,3,4,0,1,1,1,0,1,0,0,4,3,5,3,3,4.15,7,5,7,6,5,6,7,5,5.98,7,5,5,5,5,6,7,5,6,5.9,1,3,2,3,2,62
R0568,UC,F,26,1,BSc,STEM,3,4,1,1,1,1,0,0,0,0,2,3,5,4,2,3.49,4,5,5,6,7,5,5,5,6.06,5,7,6,7,7,3,5,5,4,5.58,3,5,4,5,4,92
R0569,IPC,F,18,1,BSc,STEM,3,2,0,0,0,0,1,0,0,0,3,3,1,3,3,2.39,3,4,4,6,6,5,5,4,4.13,6,4,4,7,6,7,7,7,6,5.45,1,1,2,2,2,40
R0570,UC,F,25,1,BSc,STEM,2,4,1,1,0,1,0,1,1,0,4,2,5,4,2,3.92,5,7,6,7,6,6,6,4,5.9,7,7,7,7,6,7,7,5,6,6.49,4,3,4,3,2,59
R0571,UC,M,20,2,MSc,SocSci,4,2,1,0,0,0,0,0,1,0,2,4,3,3,2,3.15,6,5,7,5,6,6,7,4,4.91,5,4,3,6,6,5,6,4,5,5.29,3,2,3,4,4,82
R0572,UC,F,18,3,MSc,SocSci,4,4,1,1,1,0,0,1,0,0,6,6,2,3,3,3.87,7,4,6,6,5,5,3,5,5.14,3,4,5,5,2,5,6,6,5,4.08,3,4,2,4,3,63
R0573,UC,M,19,1,BSc,SocSci,4,4,0,1,1,0,1,1,0,0,5,4,5,5,3,4.03,7,5,5,6,4,6,6,5,5.32,5,7,5,7,7,7,5,5,7,5.95,2,4,3,1,3,56
R0574,UC,F,20,5,BSc,STEM,3,4,1,1,1,0,0,0,0,1,6,6,6,7,7,6.18,5,3,4,3,7,4,5,2,3.93,4,2,3,5,5,6,2,2,3,3.22,2,2,3,2,3,58
R0575,UC,F,19,1,BSc,STEM,2,4,1,1,0,1,1,1,1,1,6,7,5,3,5,4.48,6,4,4,5,6,5,5,5,4.98,6,5,7,5,7,6,7,6,7,6.12,1,3,3,4,3,34
R0576,IPV,M,25,1,MSc,STEM,4,4,1,1,0,0,0,0,0,0,3,5,2,2,2,3.33,5,6,6,4,5,5,3,4,4.64,6,5,4,6,7,3,3,4,5,4.65,3,4,3,3,3,70
R0577,IPP,M,19,1,BSc,SocSci,4,4,0,0,0,0,0,1,1,0,1,3,1,1,1,1.91,6,6,6,7,6,7,5,7,6.81,7,7,7,6,7,7,6,7,6,7.0,4,4,4,5,5,90
R0578,IPP,M,20,3,BSc,SocSci,4,4,0,1,1,1,1,0,0,1,6,5,5,6,5,5.57,6,5,6,5,5,4,5,2,4.72,4,4,3,6,5,4,4,5,3,4.61,4,3,4,5,3,74
R0579,IPP,F,20,1,BSc,Health,1,4,1,1,1,0,0,0,0,0,5,3,6,5,5,5.63,5,5,6,5,7,6,6,6,5.67,4,3,4,5,5,4,7,4,3,4.22,0,2,1,3,1,29
R0580,IPC,F,26,1,BSc,STEM,3,4,0,1,0,0,0,1,1,0,7,7,7,7,7,7.0,3,4,4,3,3,4,4,2,3.61,2,4,3,4,3,2,2,4,3,3.22,0,2,0,2,0,19
R0581,UC,M,29,2,BSc,Health,2,2,0,0,0,0,0,0,1,0,2,2,1,3,1,1.15,6,7,5,6,6,5,7,5,5.96,4,3,5,4,5,5,5,6,5,4.52,4,3,4,4,4,75
R0582,UC,F,18,3,BSc,STEM,2,5,1,1,0,1,0,1,0,0,6,6,6,7,6,6.22,6,3,3,5,5,3,3,5,4.63,2,2,2,4,3,2,3,3,1,2.69,0,0,2,1,1,13
R0583,UC,M,18,3,BSc,STEM,2,4,1,0,0,1,0,0,0,0,3,4,3,5,3,2.98,4,4,5,6,3,3,6,5,4.67,4,5,4,5,6,5,3,3,4,4.12,4,5,4,2,4,76
R0584,IPP,F,20,4,BSc,STEM,3,5,1,0,1,0,0,1,1,1,4,1,4,3,2,3.4,4,5,5,5,6,6,3,4,5.15,2,3,5,5,4,1,2,4,3,3.29,4,2,4,3,4,63
R0585,IPC,F,19,3,BSc,Arts,4,5,1,1,1,1,0,1,0,0,3,2,4,2,1,2.08,7,7,7,7,6,7,7,7,6.71,6,7,6,6,5,7,7,7,4,5.98,3,5,4,3,3,71
R0586,IPP,M,18,5,BSc,STEM,4,4,0,0,1,0,1,0,1,0,4,7,4,5,6,5.05,4,5,7,4,4,3,5,2,4.13,4,5,3,4,4,2,4,4,3,3.62,0,1,3,2,0,24
R0587,IPC,F,25,4,BSc,STEM,1,1,0,0,0,0,0,0,0,0,1,1,5,2,3,3.24,4,2,2,4,5,3,3,4,3.56,4,2,4,5,4,5,4,4,4,4.66,1,1,2,3,2,35
R0588,IPC,F,26,1,BSc,STEM,4,1,0,0,0,0,0,0,0,0,3,1,1,3,1,1.93,7,7,5,7,6,7,6,7,6.42,5,4,4,4,4,5,5,4,5,4.0,2,3,3,5,3,65
R0589,IPV,M,18,2,MSc,STEM,3,5,1,0,0,1,1,1,0,0,2,5,1,3,4,2.36,5,7,7,7,7,6,7,7,7.0,7,7,6,6,7,7,7,7,7,7.0,4,3,4,3,4,76
R0590,IPC,F,18,4,BSc,STEM,2,4,1,0,0,1,0,1,0,0,4,3,3,4,3,2.58,4,6,7,6,6,7,6,5,6.13,5,6,7,5,5,7,6,3,5,5.52,3,2,2,1,4,55
R0591,UC,F,18,1,MSc,Health,2,4,1,1,0,0,0,1,1,1,4,5,2,5,4,3.99,4,2,4,4,5,4,2,4,3.5,6,4,3,6,4,6,3,5,2,4.24,1,2,2,3,3,51
R0592,UC,F,19,2,BSc,Health,1,4,1,0,0,0,0,1,0,0,5,6,7,2,6,5.7,3,2,4,4,3,5,5,3,3.82,4,3,4,3,2,4,5,3,3,3.42,2,1,2,1,1,19
R0593,IPP,F,29,2,BSc,Health,3,4,0,1,0,0,0,0,0,0,6,5,7,6,5,5.24,4,5,5,6,3,5,6,5,5.38,5,6,5,6,5,4,7,5,5,5.63,5,5,5,3,4,75
R0594,UC,M,19,2,MSc,STEM,3,4,1,1,0,0,0,1,1,0,3,5,4,4,6,3.76,4,5,6,5,4,2,5,5,4.1,4,4,3,3,4,3,4,2,3,3.64,1,2,3,1,0,28
R0595,IPP,M,29,5,BSc,STEM,3,5,1,0,1,0,0,0,1,0,5,5,5,5,6,5.39,5,7,6,7,4,7,7,7,6.56,7,7,7,6,7,7,6,7,6,6.03,2,3,2,2,3,52
R0596,IPV,M,25,2,MSc,STEM,4,2,0,0,1,1,1,0,0,0,2,2,3,1,4,2.56,5,6,6,6,4,5,6,7,6.04,2,6,5,5,4,4,5,6,5,5.04,4,4,4,2,5,71
R0597,IPV,F,18,4,BSc,SocSci,4,1,0,0,0,0,0,0,0,0,4,3,3,5,3,3.03,7,4,7,5,4,5,5,5,6.04,3,4,6,5,5,4,5,6,7,4.98,1,2,2,1,1,32
R0598,UC,M,18,1,MSc,Arts,3,2,0,0,0,0,1,0,0,0,2,2,4,3,2,3.18,5,6,7,6,6,6,7,5,5.82,7,5,6,5,5,5,5,5,6,5.4,3,4,4,5,5,87
R0599,IPP,M,20,3,MSc,STEM,4,5,1,1,1,1,0,0,1,1,2,4,4,3,4,3.53,4,5,5,2,6,4,6,5,4.98,3,4,4,3,3,5,6,1,3,4.12,2,3,2,3,2,40
R0600,IPV,F,19,5,MSc,STEM,2,5,1,1,1,1,1,1,0,0,6,3,5,6,6,4.48,6,5,4,4,5,4,4,4,5.11,7,2,5,4,4,5,4,5,5,4.6,3,3,2,2,5,59
R0601,IPP,F,25,4,BSc,STEM,5,4,1,0,1,1,0,0,0,0,2,5,4,3,7,4.1,3,2,4,2,1,3,2,2,3.03,4,3,4,1,4,1,4,4,4,3.09,2,2,3,1,5,58
R0602,IPC,M,25,3,MSc,STEM,3,5,1,1,1,1,0,1,1,1,3,1,3,5,5,4.32,7,7,7,6,7,6,7,7,6.75,5,5,5,6,6,6,7,6,7,5.81,3,1,3,1,4,57
R0603,IPP,F,18,2,BSc,STEM,3,4,1,1,1,1,0,1,0,0,3,4,3,2,3,4.18,7,6,7,7,5,7,6,7,7.0,6,5,6,3,6,5,5,5,4,5.13,5,4,4,4,5,87
R0604,IPV,F,20,1,BSc,SocSci,3,4,1,1,1,1,0,1,1,0,4,4,6,4,4,4.31,7,6,6,6,6,6,6,3,5.36,5,4,4,6,6,4,5,3,5,4.87,2,3,4,1,3,52
R0605,UC,F,27,4,BSc,STEM,2,4,1,0,1,0,1,0,0,0,4,5,4,5,4,4.72,4,5,5,4,6,6,7,6,5.87,7,4,7,6,3,4,5,6,6,4.68,4,5,3,5,3,81
R0606,UC,F,18,3,BSc,STEM,2,4,0,1,1,1,0,0,0,0,6,5,6,3,7,5.85,5,6,5,2,5,5,5,4,4.48,2,3,4,4,4,4,3,4,5,3.11,3,3,1,1,1,44
R0607,UC,F,26,3,BSc,STEM,2,3,0,0,0,0,1,0,0,0,4,4,4,3,5,3.33,2,2,4,5,3,3,4,2,3.66,2,2,6,4,5,4,4,1,4,3.55,3,3,3,3,2,57
R0608,UC,F,25,1,BSc,STEM,4,5,1,1,1,1,0,0,1,0,6,7,6,5,5,5.07,7,6,7,5,6,5,6,7,6.52,6,6,7,5,7,5,6,4,7,6.34,3,3,3,4,3,67
R0609,UC,M,20,2,MSc,STEM,3,4,1,1,1,0,0,0,1,1,6,2,3,3,4,4.21,2,2,2,5,1,3,4,2,3.31,5,4,5,4,5,5,5,4,3,4.68,2,2,2,2,1,40
R0610,IPV,F,19,1,BSc,STEM,2,5,1,0,1,1,1,1,1,0,5,4,4,5,2,3.89,5,3,5,4,6,4,6,3,5.07,7,6,6,5,4,6,6,6,3,5.35,4,2,2,2,4,47
R0611,IPC,F,18,1,BSc,STEM,3,4,1,1,1,0,0,0,0,1,4,4,2,4,5,3.58,4,4,4,3,3,3,5,6,4.38,3,2,2,2,3,3,4,4,3,2.8,2,2,3,4,2,52
R0612,IPC,M,26,2,MSc,Health,3,5,1,1,1,1,0,1,1,0,5,5,4,5,4,4.32,6,6,5,4,5,6,5,4,4.37,3,3,5,4,4,4,5,3,5,3.68,1,2,1,3,2,38
R0613,IPC,M,19,3,BSc,SocSci,4,5,1,1,1,1,1,1,0,0,4,1,3,4,4,2.66,5,5,6,7,4,5,3,4,4.58,4,6,4,2,4,4,4,5,3,3.57,5,5,4,4,4,79
R0614,IPP,M,28,1,BSc,Health,3,2,1,0,0,0,0,0,0,0,1,1,2,1,3,2.3,4,3,5,6,7,6,5,6,5.73,4,6,5,5,6,5,4,4,5,4.79,4,3,3,3,4,65
R0615,IPP,F,25,4,MSc,STEM,1,4,0,1,1,0,0,1,0,1,3,4,4,1,3,3.05,4,5,4,3,3,3,5,6,4.48,3,2,5,3,4,4,5,4,4,3.92,3,2,2,1,1,50
R0616,IPP,M,18,3,BSc,STEM,4,5,1,1,1,1,0,0,1,0,6,7,6,6,5,5.55,6,6,6,6,5,6,5,7,5.85,6,3,5,6,5,5,6,5,4,4.58,2,3,2,2,2,37
R0617,UC,M,18,1,MSc,STEM,2,4,0,1,0,1,0,0,0,0,4,3,3,2,2,3.65,5,7,4,4,4,4,4,6,4.44,5,6,4,5,5,6,6,4,4,5.01,4,2,5,5,4,70
R0618,IPP,F,28,2,BSc,Health,2,3,1,0,0,0,0,0,0,0,1,5,5,3,6,4.12,3,7,5,2,4,5,7,4,4.78,5,7,5,5,6,6,5,5,4,4.96,4,2,4,3,3,58
R0619,IPC,F,19,2,BSc,STEM,3,4,1,1,0,0,0,0,0,1,4,3,5,1,4,3.39,5,5,6,4,4,2,6,4,4.65,4,4,6,4,3,5,3,5,3,3.92,4,4,4,3,3,66
R0620,IPP,F,29,1,MSc,STEM,3,5,1,1,1,0,0,0,0,1,4,5,6,5,5,4.17,7,3,7,5,3,6,7,6,6.16,2,4,5,4,3,5,4,5,5,4.25,2,2,3,1,2,41
R0621,IPP,F,20,5,BSc,STEM,3,3,0,0,0,0,1,0,0,0,5,5,5,3,6,4.26,4,7,5,6,5,5,5,7,5.75,4,5,4,6,5,4,3,4,4,4.75,4,5,4,3,3,87
R0622,IPP,F,32,1,MSc,STEM,3,4,0,1,1,1,1,0,1,0,3,3,2,1,5,3.79,2,4,5,5,4,5,5,7,5.08,6,4,6,6,4,5,6,6,6,5.39,3,3,2,2,3,53
R0623,IPC,M,19,1,BSc,Health,3,4,1,1,0,1,0,0,0,1,3,5,2,6,4,3.05,5,6,4,5,7,6,7,6,6.2,6,6,5,5,6,4,6,7,7,5.44,4,3,5,3,2,73
R0624,IPP,F,20,1,BSc,STEM,3,3,0,0,1,1,0,0,0,0,4,4,5,4,3,4.23,7,6,7,7,5,6,7,5,6.32,7,6,5,6,6,7,6,7,6,6.5,5,5,5,4,4,87
R0625,IPC,M,18,2,MSc,Health,3,4,0,1,0,1,1,0,1,1,2,4,4,3,4,3.11,5,4,5,5,6,4,5,6,5.07,5,5,5,4,4,5,4,4,4,4.71,3,2,2,2,3,47
R0626,IPC,F,18,1,BSc,Health,3,4,1,1,1,0,0,0,0,0,5,5,6,5,6,4.71,4,5,6,6,1,2,5,3,3.97,2,1,1,3,5,2,3,5,2,2.2,1,1,1,0,1,28
R0627,IPC,M,25,1,BSc,STEM,2,2,0,0,0,0,0,0,0,0,5,2,7,6,4,5.51,5,3,2,1,2,3,4,4,2.73,4,1,2,4,1,2,3,2,4,1.92,3,4,4,2,2,57
